15.9333,74.1833,0,0,0,0,0,0,0,0,0,0,0,0,0,0,0,0,0,0,0,0,0,0,0,0,0,0,0,0,0,0,0,0,0,0,0,0,0,0,0,0,0,0,0,0,0,0,0,0,0,0,0,0,0,0,0,0,0,0,0,0,0,0,0,0,0,0,0,0,0,0,0,0,0,0,0,0,0,0,0,0,0,0,0,0,0,0,0,0,0,0,0,0,0,0,0,0,0,0,12,3,0,0,0,0,15,0,0,2.1,21,19.1,28,0,0,0,0,0,0,0,0,0,0,0,21.5,0,12,0,0,0,0,0,0,0,0,0,0,0,5.8,13.3,0,0,0,0,0,0,0,0,0,0,0,0,0,0,0,9,0,0,24,55.1,50.2,5.1,10.2,1,1.1,0,0,0.5,15.6,26.5,9,25.4,31.4,13.7,39.4,73.3,72.1,54.8,41.6,35.6,100.2,28.2,75,67.2,111.2,84.4,94.8,76,55.2,69,62.2,73,48.4,20.6,15,7.2,4.8,14.6,2.4,8.2,1.6,1.4,8,6.4,22.6,23,9.6,13,20,17,33,33.2,28.6,13.2,15,38,48.4,41.2,100.4,64.8,81.4,37.3,25,14,12.6,52.1,29,32,9.4,0,2.6,6.2,4.4,0.2,3.4,32,23,19.4,21.8,16.4,17,44.2,16.2,5.6,53.6,14.8,2,4,15,11.4,3,3,0.4,0,0,0,2,0,0,0,6,0,0,0,0,0,0,6,6.4,31.4,23,16,0,0,5.3,5,4,0.3,5.6,7.5,0,0,1,0,0,0,0,0,0,0,0,0,0,0,0,0,0,0,0,0,0,0,0,0,0,0,0,0,0,0,0,0,0,0,0,0,0,0,0,0,0,2.3,0.2,0.3,0,9.3,0,0,0,0,0,0,0,0,0,0,0,0,0,0,0,0,0,0,0,0,0,0,0,0,0,0,0,0,0,0,0,0,0,3,0,0,0,0,0,0,0,0,0,0,0,0,0,0,0,0,0,0,0,0,0,0,0,0,0,0,0,0,0,0,0,0,0,0,0,0,0,0,0,0,0,0,0,0,0,0,0,0,0,0,0,0,0,0,0,0,0,0,0,0,0,0,0,0,0,0,0,0,0,0,0,0,0,0,0,0,0,0,0,0,0,0,0,0,0,0,0,0,0,0,0,0,0,0,0,0,0,0,0,0,0,0,0,0,0,0,0,0,0,0,0,0,0,0,0,0,0,0,0,0,0,66,0,0,0,24,0,0,10.5,0,0,11,3.2,0,0,0,0,0,0,0,0,0,6,0,0,0,0,0,0,0,0,0,0,0,0,0,0,0,0,44.1,0,18.2,6.2,72,40,0,0,0,0,0,0,1,0,0,1.1,0,2.3,4.3,68.2,0.3,10,2,3,3,26,55,45,29.4,14,37.1,28.1,40.3,20.1,45.1,26.4,160.4,70.4,80.6,114.6,29.3,5.3,12,7.1,4.1,0,0.3,1.4,9.2,9.4,20.2,9.3,19.2,47.3,49.4,12,6,18,7,2,18,24.2,92,71.2,64.5,104.4,98.1,76.3,42,50,14,20.3,30.3,56.1,49,40.2,29,62.4,50.4,34.3,27,16,26.4,22.2,13.3,3.2,0,0,2,3.4,2.4,1.3,0,0,1.1,0,0,9.2,0,0,0,2,12.3,1.2,1.4,45.3,13.3,0,2.1,65.1,10.2,1,7,4.4,33.1,20,13.3,3.2,2.2,2.1,1.3,1,0,0,0,0,0,0,0,0,0,0,4,0,12,0,0,0,0,0,0,0,0,0,0,0,0,0,0,0,0,8,1.3,0,0,0,0,0,0,0,0,0,0,9,6,0,0,0,0,0,0,0,0,0,0,0,0,0,0,0,0,0,0,0,0,0,0,0,0,0,0,0,0,0,0,0,0,0,0,0,0,0,0,0,0,0,0,0,0,0,0,0,0,0,0,0,0,0,0,0,0,0,0,0,0,0,0,0,0,0,0,0,0,0,0,0,0,0,0,0,0,0,0,0,0,0,0,0,0,0,0,0,0,0,0,0,0,0,0,0,0,0,0,0,0,0,0,0,0,0,0,0,0,0,0,0,0,0,0,0,0,0,0,0,0,0,0,0,0,0,0,0,0,0,0,0,0,0,0,0,0,0,0,0,0,0,0,0,0,0,0,0,0,0,0,0,0,0,0,0,0,0,0,0,0,0,0,0,0,0,0,0,0,0,0,0,0,0,0,0,0,0,0,0,0,0,0,0,0,0,0,53,14.1,22.4,62.3,2,0,0,0,0,0,0,0,0,0,0,0,0,0,0,0,0,0,0,0,0,0,1,29,29.3,7,25,32,66,92.1,17,9.3,16,14,8.3,6,0,0,0,0,0,0,8,7.3,0,0,0,0,0,0,1,3,31.3,7,90.2,42,30,120.2,79.2,64,75,102.3,18.2,40.3,18.1,20,21.2,44.2,188.2,112.2,70.3,52.2,25,26.2,9,5,0,0,26.4,17,40.3,44,96,80,104.2,51.1,147.3,19,42.2,45.2,24.2,6.3,54.2,17.1,13.2,56.1,26.1,6.1,2.2,0.2,30.1,6.4,0,0,0,2,6.3,11.2,8,1,0.2,5.1,0.1,0,0,0,0.2,0,0,0,2,0.1,0,8.3,15,4.4,0,1.1,2,1,0,0,4,0,0,0,0,0,0,10.1,44,1,0,0,0,0,0,0,0
15.8333,74.5833,0,0,0,0,0,0,0,0,0,0,0,0,0,0,0,0,0,0,0,0,0,0,0,0,0,0,0,0,0,0,0,0,0,0,0,0,0,0,0,0,0,0,0,0,0,0,0,0,0,0,0,0,0,0,0,0,0,0,0,0,0,0,0,0,0,0,0,0,0,0,0,0,0,0,0,0,0,0,0,0,0,0,0,0,0,0,0,0,0,0,0,0,0,0,0,0,0,0,0,0,0,0,0,0,0,0,0,0,0,0,0,0,0,0,0,0,0,0,0,0,0,0,0,0,0,0,0,0,0,0,0,0,0,0,0,0,0,0,0,0,0,0,0,0,0,0,0,0,0,0,0,0,30.6,32,0,0,11.6,8.4,0,0,0,0,0,0,0,0,0,0,0,0,0,0,0,19.4,4.2,3.6,10.6,0,0,4.2,5.8,10,18,38,23.5,6.2,15.6,12.5,14.2,21.4,3.6,8.4,4.2,2.6,0,0,0,0,0,0,0,0,0,0,0,0,0,0,0,1.2,0,2.4,5.2,7.6,0,10.4,31.2,13,6.2,3.2,2.4,0,1.6,4,5.4,7.2,0,0,0,0,0,0,0,0,6.4,1.6,4.8,6.8,9.4,5.2,0,0,12.4,3.2,0,0,0,0,0,0,0,0,0,0,0,0,0,0,0,0,0,0,0,0,0,0,22.6,0,15.6,34.2,0,0,0,15.8,29.2,0,0,0,0,0,0,0,0,0,0,0,0,0,0,0,0,0,0,0,0,0,0,0,0,0,0,0,0,0,0,0,0,0,0,0,0,0,0,0,0,0,0,0,0,3.4,0,0,0,11.6,0,0,17.4,0,0,0,0,0,0,0,0,0,0,0,0,0,0,0,0,0,0,0,0,0,0,0,0,0,0,0,0,0,0,0,0,0,0,0,0,0,0,0,0,0,0,0,0,0,0,0,0,0,0,0,0,0,0,0,0,0,0,0,0,0,0,0,0,0,0,0,0,0,0,0,0,0,0,0,0,0,0,0,0,0,0,0,0,0,0,0,0,0,0,0,0,0,0,0,0,0,0,0,0,0,0,0,0,0,0,0,0,0,0,0,0,0,0,0,0,0,0,0,0,0,0,0,0,0,0,0,0,0,0,0,0,0,0,0,0,0,0,0,0,0,0,0,0,0,0,0,0,0,0,0,0,0,0,0,61.4,5.4,0,0,0,0,0,0,6.4,0,0,0,0,0,0,0,0,0,0,0,0,0,0,0,0,0,0,0,0,0,0,0,0,0,0,0,0,0,56,0,0,0,0,0,0,0,0,26.4,22.3,0,0,0,0,0,34.6,0,0,0,0,0,0,0,17.2,0,0,11.6,0,0,0,0,0,0,0,0,0,0,0,0,0,0,0,0,0,0,0,0,0,0,0,13.6,4.6,0,0,0,0,6.5,2.4,16.4,5.2,16.4,8.6,11.2,10.6,6.2,3.2,1.2,0,19.4,3.8,0,12.2,0,6.4,14.6,5.6,6.2,6,7.6,0,0,0,0,0,0,0,0,0,0,0,0,0,0,58.6,5.2,0,0,0,0,19.2,15,2.4,7.2,33.4,2.8,5.6,0,36.8,0,0,2.6,0,0,0,0,0,0,0,0,0,0,0,0,0,0,0,0,0,0,0,0,0,0,0,0,0,0,0,0,0,0,0,0,0,0,0,0,0,0,0,0,0,0,0,0,0,0,0,0,0,0,0,0,0,0,0,0,0,0,0,0,0,0,0,0,0,0,0,0,0,0,0,0,0,0,0,0,0,0,0,0,0,0,0,0,0,0,0,0,0,0,0,0,0,0,0,0,0,0,0,0,0,0,0,0,0,0,0,0,0,0,0,0,0,0,0,0,0,0,0,0,0,0,0,0,0,0,0,0,0,0,0,0,0,0,0,0,0,0,0,0,0,0,0,0,0,0,0,0,0,0,0,0,0,0,0,0,0,0,0,0,0,0,0,0,0,0,0,0,0,0,0,0,0,0,0,0,0,0,0,0,0,0,0,0,0,0,0,0,0,0,0,0,0,0,0,0,0,0,0,0,0,0,0,0,0,0,0,0,0,0,0,0,0,0,0,0,0,0,0,0,18.4,8.6,0,0,0,0,0,0,0,9.2,0,0,0,0,46.4,0,0,0,6.4,0,0,0,0,7.6,0,7,0,0,21.6,0,0,0,0,0,0,0,0,0,0,21.4,0,0,0,0,0,0,0,0,9.2,31.6,0,0,6.7,0,0,0,0,0,0,0,0,0,0,0,0,0,0,0,0,0,0,0,0,0,5.6,11.4,0,18.6,0,6.8,9.2,12.6,0,0,0,0,0,0,92.2,6.4,10.6,0,0,0,0,0,0,0,0,0,8.4,3.2,8.4,10.8,9,6.4,17.2,0,2.8,2.4,4.8,4.2,6.6,3.8,4.2,1.8,0,0,0,0,0,0,0,0,0,0,0,0,0,0,0,0,0,0,0,0,0,0,0,0,0,19.8,5.6,0,3.8,0,0,11,0,0,0,0,0,0,0,0,0,0,0,0,0,0,0,0,0,0,0,0,0
15.4167,75.6333,0,0,0,0,0,0,0,0,0,0,0,0,0,0,0,0,0,0,0,0,0,0,0,0,0,0,0,0,0,0,0,0,0,0,0,0,0,0,0,0,0,0,0,0,0,0,0,0,0,0,0,0,0,0,0,0,0,0,0,0,0,0,0,0,0,0,0,0,0,0,0,0,0,0,0,0,0,0,0,0,0,0,0,0,0,0,0,0,0,0,0,0,0,4.1,0,0,0,0,0,0,0,0,0,0,2.9,0,0,2.1,0,0,0,19,0,3.5,0,6.5,0,0,0,2.4,47.1,0,0,0,0,0,4.8,0,0,0,2,0,0,0,0,24.6,6.2,5.7,0,0,0,0,0,0,0,0,0,0,0,0,0,4.5,78.7,10.2,0,8.2,0,8.2,6.2,7.8,0,0,0,0.7,0,0,0,0,0,0.7,1.2,0,5,4.6,0,1.5,0,0,0,0,0,14.6,13,12,3.3,2.7,2.4,1.8,6,0.7,14.4,0.5,17.8,3.4,0.8,1.2,0,1.7,0,0,1.3,23.8,0,0,13.2,3.6,2.4,2.8,5,0.5,0,0,0.7,0,0.3,0,3.3,2.1,3.9,1.6,0.4,0,0,0,16,18,0,0,0,0.5,0,0,5.8,1.7,1.6,0.5,0,5.8,0,1,0,0,3,4.6,0,0,3.1,0,0.2,0.1,2.1,0,0,0,0,0,0,0,0,0.2,0,0,16.4,5.6,0,0.5,1,2,26.9,22.8,0,0,5.6,0,17.5,7.6,0,0,0,0,0,0,0,0,0,0,0,0,0,0,0,0,0,0,0,0,0.5,0,0,0,0,0,0,0,0,0,0,0,0,0,0,0,0,0,0,0,0,5.2,5.8,1.2,0,0,0,0,0,0,0,0,1,0,0,0,0,0,0,0,0,0,0,0,0,0,0,0,0,0,0,0,0,0,0,0,0,0,0,0,0,0,0,0,0,0,0,0,0,0,0,0,0,0,0,0,0,0,0,0,0,0,0,0,0,0,0,0,0,0,0,0,0,0,0,0,0,0,0,0,0,0,0,0,0,0,0,0,0,0,0,0,0,0,0,0,0,0,0,0,0,0,0,0,0,0,0,0,0,0,0,0,0,0,0,0,0,0,0,0,0.5,0,0,6.8,0,0,0,0,0,0,0,0,0,0,0,0,0,0,0,0,0,0,0,0,0,0,0.6,0,0,0,0,0,0,0,0,0,0,0,0,0,0,0,0,0,0,0,27.6,0,0,9.2,0,2.1,0,0,0.2,19.1,0,0,41,0,0,0,0,0.3,0.1,0,0,0,0,0,0,0,0,0,0,0,0,0.4,0,0,6.2,1,0,0,0,7.6,9.7,3.7,0,5.5,0,0,0,0,0,0,0,0,0,0,7.4,2.2,0,0,0,0.2,0.8,0,2.5,0,0,0,1.8,0.2,0.8,1.2,3.3,6.4,1.6,10.6,2.4,0.1,0,0,0,0.4,0,0,0,0,0,0,8,15.4,2.5,0.9,0,0,36.8,0,0,0,1.6,10.8,8.7,6.1,8.1,1.3,1.6,1.1,0,0,0.6,5.4,2.6,0,0.3,4,0,0,0.4,0.6,0.2,0,1.8,4.4,0,0,0,0,0.4,0,9.3,0,1.2,0,40.7,0,0,0.9,10,15.1,4.1,0,5.1,21.5,2.1,0,29.5,12.2,13.9,16.8,15.5,0,0.5,0,0,0,2.4,0,0,0,0,0.3,0,2.2,0,0,0,0,0,10.9,0.3,0,0,0,0,0,0,2,0,0,0,0,0,0,27.4,0.3,0,0,0.4,2.8,0,0.5,0,0,0,0,0,0,0,0,0,0,0,0,0,0,0,0,0,0,0,0,0,0,0,0,0,0,0,0,0,0,0,0,0,0,0,0,0,0,0,0,0,0,0,0,0,0,0,0,0,0,0,0,0,0,0,0,0,0,0,0,0,0,0,0,0,0,0,0,0,0,0,0,0,0,0,0,0,0,0,0,0,0,0,0,0,0,0,0,0,0,0,0,0,0,0,0,0,0,0,0,0,0,0,0,0,0,0,0,0,0,0,0,0,0,0,0,0,0,0,0,0,0,0,0,0,0,0,0,0,0,0,0,0,0,0,0,0,0,0,0,0,0,0,0,0,0,0,0,0,0,0,0,0,0,0,0,0,0,0,0,0.7,2.5,44.8,1.4,0.9,0,0,0,0,0,0,0,51.2,0,7.2,0,0,0,0,0,0,0,9.2,0,0,0,0,0,0,0,1.3,3.4,0,0,0,0,0.1,8.2,0,10.7,0,0,0,0,1.6,5.8,13.8,0,0,0,1.6,0,9.4,0,0,0,2.1,10.2,0,1.5,33.3,0,0,0,0,0,0,0,0,0,8,0.8,0,0,0,0,0,0,0,0,0,0,0,0,0,0,0,0,3.8,0,0,1.1,10.6,0.5,3.2,0,1,0,0.2,0,0,0,0,1.4,0,26.4,0,0,0,0,9.5,5.3,0,0.6,1.4,0,0,0,0,0,0,0,1.8,0.7,3,6.2,0,0,2.2,3.7,1.8,0.5,0,0.7,0.7,6.4,1,0,12,0,0,0,0,0,0,0,0,0,0,0,0,0,0,2.8,2.3,0,0,0,0,0,0,1.8,42.8,4.5,14.4,47.5,0.4,3.8,0,2.5,0.4,0,0,8.9,9.1,0,0,0,0,0,0,0,0,0,1.5,0,0,0,0,0,0
15.9563,76.1146,0,0,0,0,0,0,0,0,0,0,0,0,0,0,0,0,0,0,0,0,0,0,0,0,0,0,0,0,0,0,0,0,0,0,0,0,0,0,0,0,0,0,0,0,0,0,0,0,0,0,0,0,0,0,0,0,0,0,0,0,0,0,0,0,0,0,0,0,0,0,0,0,0,0,0,0,0,0,0,0,0,0,0,0,0,0,0,0,0,0,0,6,0,0,0,0,0,0,0,0,0,0,0,0,11,0,0,0,0,0,0,0,0,0,0,0,0,0,0,0,0,0,0,0,0,0,0,0,0,0,0,0,0,0,0,0,5,0,0,0,0,0,0,0,0,0,0,0,0,0,0,0,0,42,16,0,0,0,0,13.2,0,0,0,0,0,0,0,0,0,0,0,0,0,0,0,0,0,0,0,0,0,0,0,0,0,8,0,3,2,0,0,0,4,0,0,0,0,8,0,0,0,8.2,0,0,0,0,0,0,0,0,0,0,7,0,3,0,0,0,9.2,0,0,0,0,0,3,1.2,8.4,0,0,0,0,0,5,0,0,0,0,0,0,0,0,0,16.8,6.4,0,0,0,0,0,0,0,0,0,0,0,0,0,0,0,0,0,0,13,6,0,3,0,14,0,35,0,0,3.4,0,4,31,0,0,0,0,0,0,0,0,0,0,0,0,0,0,0,0,0,0,0,0,0,0,0,0,0,0,0,0,0,0,0,0,0,0,0,0,0,0,0,0,0,5,6,4,0,0,0,0,0,0,0,0,0,0,0,0,0,0,0,0,0,0,0,0,0,0,0,0,0,0,0,0,0,0,0,0,0,0,0,0,0,0,0,0,0,0,0,0,0,0,0,0,0,0,0,0,0,0,0,0,0,0,0,0,0,0,0,0,0,0,0,0,0,0,0,0,0,0,0,0,0,0,0,0,0,0,0,0,0,0,0,0,0,0,0,0,0,0,0,0,0,0,0,0,0,0,0,0,0,0,0,0,0,0,0,0,0,0,0,0,0,0,0,0,0,0,0,0,0,0,0,0,0,0,0,0,0,0,0,0,0,0,0,0,0,0,0,0,0,0,0,0,0,0,0,0,0,0,0,0,0,0,0,4,0,12,0,0,0,0,0,0,0,0,13,0,0,0,0,12,0,0,0,0,0,0,0,0,0,0,0,0,0,0,0,0,0,0,0,0,0,48,0,23,0,0,0,8,0,53,0,0,0,0,0,33,0,19,0,0,0,0,0,0,0,0,0,0,3,0,0,0,0,0,0,0,0,0,0,0,0,0,0,0,4,0,0,0,0,0,0,4,0,14,3,0,0,0,53,0,0,0,56,11,8,24,16,0,0,7,0,0,0,0,11,0,0,0,0,0,0,0,0,0,0,0,0,0,0,0,0,0,0,0,0,0,46,11,0,38,0,0,40,0,11,0,0,0,35,12,28,61,3,0,7,0,0,0,0,0,0,0,0,0,0,0,0,0,7,0,0,40,0,0,0,0,0,0,0,0,0,0,0,0,0,0,4,0,0,8,0,0,0,15,0,0,0,0,0,4,0,0,0,0,0,0,0,0,0,0,0,0,0,0,0,0,0,0,0,0,0,0,0,0,0,0,0,0,0,0,0,0,0,0,0,0,0,0,0,0,0,0,0,0,0,0,0,0,0,0,0,0,0,0,0,0,0,0,0,0,0,0,0,0,0,0,0,0,0,0,0,0,0,0,0,0,0,0,0,0,0,0,0,0,0,0,0,0,0,0,0,0,0,0,0,0,0,0,0,0,0,0,0,0,0,0,0,0,0,0,0,0,0,0,0,0,0,0,0,0,0,0,0,0,0,0,0,0,0,0,0,0,0,0,0,0,0,0,0,0,0,0,0,0,0,0,0,0,0,0,0,0,0,0,0,0,20.2,0,0,0,0,0,0,0,0,0,0,0,0,0,0,0,0,0,0,0,0,0,0,0,0,0,0,0,0,0,0,0,0,0,0,0,0,0,0,0,0,0,0,2.2,0,0,0,3,0,6,12,38.3,0,0,0,0,0,0,0,0,0,0,0,0,0,0,0,0,0,4,0,0,0,10.2,0,0,0,0,0,0,0,0,0,0,0,0,19.3,0,24.2,3.2,4.1,3,0,0,0,0,0,0,3.2,0,0,0,0,3.8,0,0,0,0,5.2,0,0,5.4,2.6,0,0,0,9.2,0,0,3.4,2,0,3.2,0,0,0,0,8.2,0,0,0,0,0,0,0,0,0,0,0,0,0,0,0,0,0,0,0,0,0,0,0,0,0,0,0,0,38.2,0,0,9,0,0,9.8,0,0,0,0,2.3,0,0,0,0,8.8,0,0,0,0,0,0,0,16.2,0,0,0,0,0,0,0,0
16,78,1.1167,0.16667,0,0,0,0,0.25,4.6667,0.88333,0,0.51667,0.55833,0,0.5,2.9167,0,1.0333,0,0,0,0,0,0,0,0,0,0,0,0.66667,0,0,2.5833,0,3.75,0,0,0,0,0,4.0917,0,0.14167,0,0.33333,0,0,0,0,0,0,0,0,0,0,0,0,0,0,0,0,0.4,0,0,0,0,2.9167,0,0,0,1.7583,0.56667,0,0,4.9,0,0.33333,0,0,0,2.5,0,1.0333,1.5,0.75,0,0,0,0,0,0,0.65,0.24615,1.9077,0,4.6308,0,1.1538,0,0,0,1.1615,0,1.1077,0,0.86154,0,1.5385,3.8462,0,2.4077,0,0.86154,4.9692,0,0.55385,0,0,0,0,0.15385,0,1.6471,0.47059,0,0.35294,0.97647,1.3235,0.54118,0.58235,0.082353,0.23529,3.8353,0,0,0,4.1118,0,0.51765,0,0,0,0.94118,0,0,0,0,0.29412,3.4588,0.15294,0.41176,0,0.1,0,2.3957,2.2261,4.6565,4.9391,3.9217,5.1652,3.2609,2.9304,3.5304,7.2217,9.3609,2.3913,5.5565,2.3913,5.1652,2.2435,0.92174,1.3391,3.3478,4.6435,3.8435,1,2.4087,0.57826,0.61739,2.8783,2.0174,3.3,6.0391,3.4043,1.7348,3.3696,3.9609,2.1304,6.9391,3.4826,2.0565,6.1,6.713,4.187,3.8217,1.9522,8.1478,3.6087,8.8739,1.0739,2.1739,6.2739,2.5391,3.8522,4.9913,7.1435,6.2304,3.813,7.3652,4.2739,3.5522,5.2217,5,2.1696,1.8696,3.5783,2.887,4,2.8652,2.6348,4.5174,4.6609,6.087,5.1435,3.7348,2.7739,2.6,0.76957,3.6609,1.5304,3.513,7.5087,5.4391,5.2696,0.63913,5.3957,5.0609,6.4957,7.9478,8.1696,4.7565,3.0217,2.3957,2.1783,5.4391,1.813,1.9478,2.5826,4.7304,2.9087,4.1478,9.8174,2.0913,2.313,1.5957,3.6652,4.0609,1.8609,6.687,2.9435,2.8783,7.4217,3.4391,3.113,8.4043,19.33,10.67,1.4522,3.6478,2.9565,1.1478,4.613,4.787,7.7739,16.691,7.4095,2.3857,7.0762,1.8952,2.8381,9.3333,2.8381,3.0429,5.081,3.2429,1.0857,1.2476,1,3.0952,3.1524,4.719,2.2857,1.6,1.2286,1.5333,1.6571,6.2762,4.8905,3.8619,2.3619,0.95238,0,1.9143,3.3952,4.3238,1.1429,3.2867,8.36,3.9,2.32,1.3333,0.43333,0,2.8133,3.5467,1.9467,0,0.72,0,0.26667,0,4.1533,2.7467,2.8,1.4133,0,0,0,0,0,0,0,0,0,2.6667,0.26667,0.52,0,0,0,1.02,1.04,0,2.5,1.2,0,0,0,0,0,0,0,0,0,0,0,0,0,0,0,0,0,0,0,0,0,0,1.1167,0.16667,0,0,0,0,0.25,4.6667,0.88333,0,0.51667,0.55833,0,0.5,2.9167,0,1.0333,0,0,0,0,0,0,0,0,0,0,0,0.66667,0,0,2.5833,0,3.75,0,0,0,0,0,4.0917,0,0.14167,0,0.33333,0,0,0,0,0,0,0,0,0,0,0,0,0,0,0,0.4,0,0,0,0,2.9167,0,0,0,1.7583,0.56667,0,0,4.9,0,0.33333,0,0,0,2.5,0,1.0333,1.5,0.75,0,0,0,0,0,0,0.65,0.24615,1.9077,0,4.6308,0,1.1538,0,0,0,1.1615,0,1.1077,0,0.86154,0,1.5385,3.8462,0,2.4077,0,0.86154,4.9692,0,0.55385,0,0,0,0,0.15385,0,1.6471,0.47059,0,0.35294,0.97647,1.3235,0.54118,0.58235,0.082353,0.23529,3.8353,0,0,0,4.1118,0,0.51765,0,0,0,0.94118,0,0,0,0,0.29412,3.4588,0.15294,0.41176,0,0.1,0,2.3957,2.2261,4.6565,4.9391,3.9217,5.1652,3.2609,2.9304,3.5304,7.2217,9.3609,2.3913,5.5565,2.3913,5.1652,2.2435,0.92174,1.3391,3.3478,4.6435,3.8435,1,2.4087,0.57826,0.61739,2.8783,2.0174,3.3,6.0391,3.4043,1.7348,3.3696,3.9609,2.1304,6.9391,3.4826,2.0565,6.1,6.713,4.187,3.8217,1.9522,8.1478,3.6087,8.8739,1.0739,2.1739,6.2739,2.5391,3.8522,4.9913,7.1435,6.2304,3.813,7.3652,4.2739,3.5522,5.2217,5,2.1696,1.8696,3.5783,2.887,4,2.8652,2.6348,4.5174,4.6609,6.087,5.1435,3.7348,2.7739,2.6,0.76957,3.6609,1.5304,3.513,7.5087,5.4391,5.2696,0.63913,5.3957,5.0609,6.4957,7.9478,8.1696,4.7565,3.0217,2.3957,2.1783,5.4391,1.813,1.9478,2.5826,4.7304,2.9087,4.1478,9.8174,2.0913,2.313,1.5957,3.6652,4.0609,1.8609,6.687,2.9435,2.8783,7.4217,3.4391,3.113,8.4043,19.33,10.67,1.4522,3.6478,2.9565,1.1478,4.613,4.787,7.7739,16.691,7.4095,2.3857,7.0762,1.8952,2.8381,9.3333,2.8381,3.0429,5.081,3.2429,1.0857,1.2476,1,3.0952,3.1524,4.719,2.2857,1.6,1.2286,1.5333,1.6571,6.2762,4.8905,3.8619,2.3619,0.95238,0,1.9143,3.3952,4.3238,1.1429,3.2867,8.36,3.9,2.32,1.3333,0.43333,0,2.8133,3.5467,1.9467,0,0.72,0,0.26667,0,4.1533,2.7467,2.8,1.4133,0,0,0,0,0,0,0,0,0,2.6667,0.26667,0.52,0,0,0,1.02,1.04,0,2.5,1.2,0,0,0,0,0,0,0,0,0,0,0,0,0,0,0,0,0,0,0,0,0,0,1.1167,0.16667,0,0,0,0,0.25,4.6667,0.88333,0,0.51667,0.55833,0,0.5,2.9167,0,1.0333,0,0,0,0,0,0,0,0,0,0,0,0.66667,0,0,2.5833,0,3.75,0,0,0,0,0,4.0917,0,0.14167,0,0.33333,0,0,0,0,0,0,0,0,0,0,0,0,0,0,0,0.4,0,0,0,0,2.9167,0,0,0,1.7583,0.56667,0,0,4.9,0,0.33333,0,0,0,2.5,0,1.0333,1.5,0.75,0,0,0,0,0,0,0.65,0.24615,1.9077,0,4.6308,0,1.1538,0,0,0,1.1615,0,1.1077,0,0.86154,0,1.5385,3.8462,0,2.4077,0,0.86154,4.9692,0,0.55385,0,0,0,0,0.15385,0,1.6471,0.47059,0,0.35294,0.97647,1.3235,0.54118,0.58235,0.082353,0.23529,3.8353,0,0,0,4.1118,0,0.51765,0,0,0,0.94118,0,0,0,0,0.29412,3.4588,0.15294,0.41176,0,0.1,0,2.3957,2.2261,4.6565,4.9391,3.9217,5.1652,3.2609,2.9304,3.5304,7.2217,9.3609,2.3913,5.5565,2.3913,5.1652,2.2435,0.92174,1.3391,3.3478,4.6435,3.8435,1,2.4087,0.57826,0.61739,2.8783,2.0174,3.3,6.0391,3.4043,1.7348,3.3696,3.9609,2.1304,6.9391,3.4826,2.0565,6.1,6.713,4.187,3.8217,1.9522,8.1478,3.6087,8.8739,1.0739,2.1739,6.2739,2.5391,3.8522,4.9913,7.1435,6.2304,3.813,7.3652,4.2739,3.5522,5.2217,5,2.1696,1.8696,3.5783,2.887,4,2.8652,2.6348,4.5174,4.6609,6.087,5.1435,3.7348,2.7739,2.6,0.76957,3.6609,1.5304,3.513,7.5087,5.4391,5.2696,0.63913,5.3957,5.0609,6.4957,7.9478,8.1696,4.7565,3.0217,2.3957,2.1783,5.4391,1.813,1.9478,2.5826,4.7304,2.9087,4.1478,9.8174,2.0913,2.313,1.5957,3.6652,4.0609,1.8609,6.687,2.9435,2.8783,7.4217,3.4391,3.113,8.4043,19.33,10.67,1.4522,3.6478,2.9565,1.1478,4.613,4.787,7.7739,16.691,7.4095,2.3857,7.0762,1.8952,2.8381,9.3333,2.8381,3.0429,5.081,3.2429,1.0857,1.2476,1,3.0952,3.1524,4.719,2.2857
16,79,0,0,0,0,0,0,0,0,0,0,0,0,0,0,0,0,0,0,0,0,0,0,0,0,0,0,0,0,0,0,0,0,0,0,0,0,0,0,0,0,0,0,0,0,0,0,0,0,0,0,0,0,0,0,0,0,0,0,0,0,0,0,0,0,0,0,0,0,0,0,0,0,0,0,0,0,0,0,0,0,0,0,0,0,0,0,0,0,0,0,0,0,0,0,0,0,0,0,0,0,0,0,0,0,0,0,0,0,0,0,0,0,0,0,0,0,0,0,0,0,0,0,0,0,0,0,0,0,0,0,0,0,0,0,0,0,0,0,0,0,0,0,0,0,0,0,0,0,2.4,22.4,0,0,0,15.3,8.4,0,0,33.8,0,0,0,5.7,0,0,7.8,4.1,44,34.2,3.6,0,0,0,0,0,0,0,0,0,11.4,0,0,0,16.8,16.2,0,0,0,0,0,0,5.8,0,0,0,0,0,4.1,0,0,0,0,0,34.2,0,14.8,10.2,18.2,0.6,4.2,0,0,15,3.6,9.6,14.8,0,0,0,4.2,7.8,0,0,0,0,0,3.8,0,0,0,0,97.2,16.2,8.5,3,0,0,0,0,0,0,0,0,0,0,0,0,0,0,0,0,0,0,0,0,0,0,0,0,0,31.6,0,0,0,0,0,0,0,10.6,0,0,0,0,0,4.4,0,0,0,0,0,0,0,0,0,0,0,0,0,0,0,0,0,19.6,5.2,3.4,0,0,0,0,0,0,0,0,0,0,0,0,0,0,0,0,0,0,0,0,0,0,0,0,0,10,0,0,0,0,0,0,0,0,0,0,0,0,0,0,0,0,0,0,0,0,0,0,0,0,0,0,0,0,0,0,0,0,0,0,0,0,0,0,0,0,0,0,0,0,0,0,0,0,0,0,0,0,0,0,0,0,0,0,0,0,0,0,0,0,0,0,0,0,0,0,0,0,0,0,0,0,0,0,0,0,0,0,0,0,0,0,0,0,0,0,0,0,0,0,0,0,0,0,0,0,0,0,0,0,0,0,0,0,0,0,0,0,0,0,0,2,0,46.4,0,0,0,0,0,0,0,0,3.2,25.2,0,0,0,0,0,0,0,0,0,0,0,0,0,0,0,0,0,0,0,0,0,0,0,0,0,0,0,0,0,0,0,45,0,0,0,0,0,0,0,0,0,0,4,0,0,0,0,0,0,23.2,0,0,0,0,0,0,0,0,0,0,0,0,0,0,0,0,0,0,0,0,0,0,0,0,4.6,0,0,32.2,0,0,0,0,0,0,0,0,0,0,0,0,0,0,0,0,0,16.6,8.4,2.7,0,2.6,0,0,0,0,24.4,8.4,12.1,34.4,2.8,0,0,0,0,0,5.8,0,0,0,0,0,84.8,1.5,0,0,3.2,5.3,0,34.4,0,55.3,0,26.7,63.3,31.6,6,0,0,0,0,0,0,0,0,0,0,0,0,0,0.6,0,0,0,0,0,0,11.8,52.1,1.6,2.5,0,0,10.2,7.4,0,0,16.9,0,6.1,0,0,0,0,3.3,0,0,0,0,8,17.3,0,3.5,5.8,2.7,6.2,0,4.8,4.1,2.2,0,0,0,0,0,0,0,0,0,0,0,0,0,0,0,0,0,0,0,0,0,0,0,0,0,0,0,0,0,0,5.8,9.3,0,0,0,0,0,0,0,0,0,0,0,0,0,0,0,0,0,0,0,0,0,0,0,0,0,0,0,0,0,0,0,0,0,0,0,0,0,0,0,0,0,0,0,0,0,0,0,0,0,0,0,0,0,0,0,0,0,0,0,0,0,0,0,0,0,0,0,0,0,0,0,0,0,0,0,0,0,0,0,0,0,0,0,0,0,0,0,0,0,0,0,0,0,0,0,0,0,0,0,0,0,0,0,0,0,0,0,0,0,0,0,0,0,0,0,0,0,0,0,0,0,0,0,0,0,0,0,0,0,0,0,0,0,0,0,0,0,0,0,0,0,0,0,0,0,0,0,0,0,0,0,0,0,0,0,0,0,0,5.1,0,0,0,0,0,0,0,0,0,0,0,10.6,0,0,0,0,0,6.7,0,0,0,0,0,0,0,0,0,0,0,0,0,0,0,0,0,0,0,0,0,0,0,0,0,0,0,0,0,0,0,0,3.1,0,0,0,0,0,0,0,0,0,0,0,0,0,5.8,0,0,8.1,7.1,3.6,46.6,0,0,0,0,4,0,4.4,2.2,2.4,0,0,0,0,0,0,0,0,0,1.2,0,0,4.2,13.2,0,0,0,0,0,0,6.2,47.2,11.2,42,18.2,0,0,6.2,22.2,0,1.8,4.6,0,0,0,0,0,0,0,0,0,0,0,19.2,2.5,0,7.2,45.2,2.8,1.4,0,0,27.6,1.4,3.6,0,2.2,12.8,0,0,13.2,0,0,0,0,0,0,0,0,0,0,0,0,0,0,0,65.2,1.2,3.8,0,0,41.5,1.5,0,0,0,0,1.4,0,0,1.6,0,0,0,0,7.5,0,0,0,0,0,0,0,0,0,0,0,0,0,0,0,0,0,0
16.3333,73.9833,0,0,0,0,0,0,0,0,0,0,0,0,0,0,0,0,0,0,0,0,0,0,0,0,0,0,0,0,0,0,0,0,0,0,0,0,0,0,0,0,0,0,0,0,0,0,0,0,0,0,0,0,0,0,0,0,0,0,0,0,0,0,0,0,0,0,0,0,0,0,0,0,0,0,0,0,0,0,0,0,0,0,0,0,0,0,0,0,0,0,0,0,0,0,0,0,0,0,0,0,0,0,0,0,0,0,0,16,10,20,0,11,0,0,0,0,0,0,0,0,0,0,0,0,0,0,0,0,0,0,0,0,0,0,0,0,0,15,0,0,0,0,0,0,0,0,0,0,0,0,0,0,0,0,0,0,15,33,9,15,13,4,3,0,2,12,20,37,16,14,34,23,134,62,82,128,52,53,68,39,99,99,78,135,202,136,94,88,98,128,55,43,25,22,32,16,16,25,7,10,12,15,22,13,16,17,15,26,51,45,47,25,50,41,92,101,100,85,93,75,40,40,50,65,37,26,10,0,0,9,4,4,1,65,34,23,51,50,19,89,45,30,55,7,6,10,16,24,10,5,2,3,7,0,0,0,0,9,8,0,0,0,0,0,5,0,13,52,14,16,0,0,0,0,41,11,0,0,0,0,0,0,0,0,0,0,0,0,0,0,0,0,0,0,0,0,0,0,0,0,0,0,0,0,0,0,0,0,0,0,0,0,0,0,0,0,0,0,0,0,0,0,15,0,0,9,0,0,0,0,0,0,0,0,0,0,0,0,0,0,0,0,0,0,0,0,0,0,0,0,0,0,0,0,0,0,0,31,0,0,0,0,0,0,0,0,0,0,0,0,0,0,0,0,0,0,0,0,0,0,0,0,0,0,0,0,0,0,0,0,0,0,0,0,0,0,0,0,0,0,0,0,0,0,0,0,0,0,0,0,0,0,0,0,0,0,0,0,0,0,0,0,0,0,0,0,0,0,0,0,0,0,0,0,0,0,0,0,0,0,0,0,0,0,0,3,0,0,0,0,0,0,0,0,0,0,0,0,0,0,0,0,0,0,0,0,0,0,0,0,0,0,0,0,0,0,0,0,0,0,13,0,0,14,0,0,0,0,0,0,7,0,0,0,0,0,0,0,0,0,0,0,0,0,0,0,0,0,0,0,0,0,0,0,0,0,0,0,0,0,0,40,35,0,0,0,0,0,0,0,0,0,0,0,0,0,5,0,25,10,10,15,50,115,50,40,25,40,75,50,40,55,75,240,225,162,110,85,17,32,27,23,15,18,2,9,19,28,11,28,57,60,10,35,10,4,5,25,26,81,34,91,60,100,87,80,40,57,50,60,80,100,58,120,68,110,55,48,30,38,65,33,10,1,2,2,5,0,2,0,0,3,0,0,17,0,0,0,18,0,19,25,0,10,0,0,0,5,0,14,69,14,13,2,7,10,5,0,4,0,0,4,5,0,0,0,0,0,0,0,24,0,0,0,0,0,0,0,0,0,0,0,0,0,0,0,0,0,4,0,0,0,0,0,0,0,0,0,0,0,0,0,0,0,0,0,0,0,0,0,0,0,0,0,0,0,0,0,0,0,0,0,0,0,0,0,0,0,0,0,0,0,0,0,0,0,0,0,0,0,0,0,0,0,0,0,0,0,0,0,0,0,0,0,0,0,0,0,0,0,0,0,0,0,0,0,0,0,0,0,0,0,0,0,0,0,0,0,0,0,0,0,0,0,0,0,0,0,0,0,0,0,0,0,0,0,0,0,0,0,0,0,0,0,0,0,0,0,0,0,0,0,0,0,0,0,0,0,0,0,0,0,0,0,0,0,0,0,0,0,0,0,0,0,0,0,0,0,0,0,0,0,0,0,0,0,0,0,0,0,0,0,0,0,0,0,0,0,0,0,0,0,0,0,0,0,0,0,0,0,0,0,17,0,0,0,0,0,0,0,0,0,0,0,0,0,0,0,12,5,0,12,6,0,0,31,0,11,0,14,0,0,0,0,0,0,0,0,0,0,0,0,8,4,5,0,1,30,18,47,107,101,29,18,15,56,12,20,20.2,41,0,0,0,0,7,15,20,1,0,0,0,5,4,12,12,13,60,68,54,168,62,102,92,130,26,33,43,46,28,108,226,76,83,60,39,34,37,11,5,10,63,44,76,64,51,85,74,64,100,28,95,30,30,70,34,28,52,66,33,19,5,4,23,10,0,0,0,0,0,19,14,5,0.5,1,2,11,0,0,0,0,0,0,0.5,0,0,12,4,0,2,7,0,0,0,0,8,0,0,0,0,0,0,2,1,1,0,0,0,0,0,0,0
16.0833,74.1667,0,0,0,0,0,0,0,0,0,0,0,0,0,0,0,0,0,0,0,0,0,0,0,0,0,0,0,0,0,0,0,0,0,0,0,0,0,0,0,0,0,0,0,0,0,0,0,0,0,0,0,0,0,0,0,0,0,0,0,0,0,0,0,0,0,0,0,0,0,0,0,0,0,0,0,0,0,0,0,0,0,0,0,0,0,0,0,0,0,0,0,0,0,0,0,0,0,0,0,0,0,0,0,0,0,0,0,0,0,0,0,0,0,0,0,0,0,0,0,0,0,0,0,0,0,0,0,0,0,0,0,0,0,0,0,0,32,0,0,0,0,0,0,0,0,0,0,0,0,0,0,0,0,2,19,17,24,20,0,10,2,0,9,0,0,10,14,8,6,7,24,6,42,51,48,46,38,12,31,16,97,47,61,65,83,67,41,39,29,61,25,10,12,4,6,3,2,4,2,2,8,7,4,8,4,5,11,9,10,11,27,9,22,37,69,101,49,45,41,14,6,16,30,16,23,4,4,2,8,2,6,3,0,30,22,6,22,24,13,35,11,3,41,9,6,3,4,8,2,3,0,0,0,0,0,0,0,2,0,0,0,0,0,0,0,0,6,48,6,18,0,2,3,3,0,9,3,0,0,0,0,0,0,0,0,0,0,0,0,0,0,0,0,0,0,0,0,0,0,0,0,0,0,0,0,0,0,0,0,0,0,0,0,0,0,0,0,0,0,0,0,3,4,20,0,15,0,0,0,0,0,0,0,0,0,0,0,0,0,0,0,0,0,0,0,0,0,0,0,0,0,0,0,0,0,0,0,24,0,0,0,0,0,0,0,0,0,0,0,0,0,0,0,0,0,0,0,0,0,0,0,0,0,0,0,0,0,0,0,0,0,0,0,0,0,0,0,0,0,0,0,0,0,0,0,0,0,0,0,0,0,0,0,0,0,0,0,0,0,0,0,0,0,0,0,0,0,0,0,0,0,0,0,0,0,0,0,0,0,0,0,0,0,0,0,0,0,0,0,0,0,0,0,0,0,0,0,0,0,0,0,0,0,0,0,0,0,0,0,0,0,0,0,0,0,0,0,0,0,0,12,0,0,19,0,5,0,10,9,15,5,0,0,0,0,0,0,0,0,0,0,0,0,0,0,0,0,0,0,0,0,0,9,0,0,0,12,14,0,12,2,24,36,0,1,0,0,0,0,0,0,0,0,0,0,1,24,0,0,4,7,15,34,38,66,4,28,26,57,31,37,31,26,119,45,47,82,29,16,13,6,8,1,0,0,0,11,13,5,6,18,33,9,6,13,1,2,22,17,31,39,29,44,34,23,14,13,19,18,41,26,21,29,9,25,65,38,43,15,28,19,15,4,0,0,0,0,1,0,0,0,0,0,0,11,1,1,0,19,0,5,25,10,17,60,0,8,7,0,2,8,3,8,5,3,2,1,2,1,0,0,0,0,0,0,0,2,0,0,0,0,0,0,0,0,0,0,0,0,0,0,0,0,0,0,0,0,0,0,0,0,0,0,0,0,0,0,0,0,0,0,0,0,0,0,0,0,0,0,0,0,0,0,0,0,0,0,0,0,0,0,0,0,0,0,0,0,0,0,0,0,0,0,0,0,0,0,0,0,0,0,0,0,0,0,0,0,0,0,0,0,0,0,0,0,0,0,0,0,0,0,0,0,0,0,0,0,0,0,0,0,0,0,0,0,0,0,0,0,0,0,0,0,0,0,0,0,0,0,0,0,0,0,0,0,0,0,0,0,0,0,0,0,0,0,0,0,0,0,0,0,0,0,0,0,0,0,0,0,0,0,0,0,0,0,0,0,0,0,0,0,0,0,0,0,0,0,0,0,0,0,0,0,0,0,0,0,0,0,0,0,0,0,0,0,0,0,0,0,0,0,0,0,23,0,0,0,0,0,0,0,9,0,0,0,0,0,0,0,0,0,0,0,0,0,0,0,10,25,0,0,0,0,0,0,0,0,4,6,0,8,20,0,0,0,0,0,0,0,0,0,0,0,3,0,0,12,11,9,16,55,106,0,5,14,11,2,0,0,0,0,0,0,0,2,5,0,0,0,0,0,0,0,4,4,12,41,59,18,75,47,34,57,107,14,12,18,9,4,30,154,54,35,14,4,6,4,2,0,4,13,12,27,22,34,41,73,52,49,17,15,12,16,19,18,13,18,15,11,5,0,1,30,6,0,0,0,0,0,0,0,5,7,0,0,0,0,0,0,2,0,0,0,0,3,4,12,3,0,0,8,0,0,0,4,0,0,0,0,0,0,10,26,0,2,0,0,0,0,0,0
16.4667,75.1167,0,0,0,0,0,0,0,0,0,0,0,0,0,0,0,0,0,0,0,0,0,0,0,0,0,0,0,0,0,0,0,0,0,0,0,0,0,0,0,0,0,0,0,0,0,0,0,0,0,0,0,0,0,0,0,0,0,0,0,0,0,0,0,0,0,0,0,0,0,0,0,0,0,0,0,0,0,0,0,0,0,0,0,0,0,0,0,0,0,0,0,0,0,0,0,0,6,0,0,0,0,0,0,0,0,10,0,5,0,0,4,0,3,4,0,0,0,0,0,0,0,0,0,0,0,14,0,0,0,0,0,0,0,0,0,0,18,0,0,0,0,0,0,0,0,0,0,0,0,0,0,0,17,23.5,0,0.3,0,3,0,3,2,0,0,3,0,0,0,0,2.5,0,0,0,8.5,0,0,3,6,0,3,0,10,8,0,4,2,7,0,0,3,0,2,0,0,0,0,0,0,0,0,0,0,0,0,0,0,0,0,0,0,0,0,0,0,0,0,0,18,0,0,0,0,0,0,0,0,0,0,0,0,0,0,0,0,0,8,0,0,0,0,10,18,0,0,0,0,0,0,0,0,0,0,0,0,0,0,0,0,0,0,0,0,0,0,0,0,0,0,6,16,0,6,0,0,4,0,0,0,0,0,0,0,0,0,0,0,0,0,0,0,0,0,0,0,0,0,0,0,0,0,0,0,0,0,0,0,0,0,0,0,0,0,0,0,0,0,0,0,0,0,6.5,0,0,0,0,62,6,0,0,0,0,0,0,0,0,0,0,0,0,0,0,0,0,0,0,0,0,0,0,0,0,0,0,0,0,0,0,0,0.3,0,0,0,0,0,0,0,0,0,0,0,0,0,0,0,0,0,0,0,0,0,0,0,0,0,4,0,0,0,0,0,0,0,0,0,0,0,0,0,0,0,0,0,0,0,0,0,0,0,0,0,0,0,0,0,0,0,0,0,0,0,0,0,0,0,0,0,0,0,0,0,0,0,0,0,0,0,0,0,0,0,16.5,18,0,0,0,0,0,0,0,0,0,0,0,0,0,0,0,0,0,0,0,0,0,0,0,0,0,0,0,0,0,0,0,0,0,0,0,0,0,0,0,0,0,0,0,0,0,0,0,0,0,0,0,0,0,0,6.5,0,0,0,0,0,0,0,0,0,0,0,0,0,0,0,0,0,0,0,0,14.5,8.5,0,0,0,0,105,0,0,0,0,12,0,32.5,0,0,0,0,0,0,8,0,0,0,0,0,9,0,10,0,0,0,0,0,0,0,0,0,0,0,0,0,0,0,0,0,0,0,0,0,0,0,0,0,0,0,0,0,0,0,0,0,3,0,3,2.5,2,6,3,0,0,1,0,0,1.3,2,1.5,0,1,2,0,2,0,0,0,1,0,1,0,0,0,0,0,0,0,0,0,0,120,10,5,10,0,0,5,0,0,0,75,0,0,37.5,0,19.5,52.5,0,0,0,0,0,0,0,0,0,0,0,0,0,0,0,0,18,0,0,0,0,0,0,0,0,0,0,0,0,0,0,7.5,4.5,0,0,0,0,0,0,0,0,0,0,0,0,0,0,0,0,0,0,0,0,0,0,0,0,0,0,0,0,0,0,0,0,0,0,0,0,0,0,0,0,0,0,0,0,0,0,0,0,0,0,0,0,0,0,0,0,0,0,0,0,0,0,0,0,0,0,0,0,0,0,0,0,0,0,0,0,0,0,0,0,0,0,0,0,0,0,0,0,0,0,0,0,0,0,0,0,0,0,0,0,0,0,0,0,0,0,0,0,0,0,0,0,0,0,0,0,0,0,0,0,0,0,0,0,0,0,0,0,0,0,0,0,0,0,0,0,0,0,0,0,0,0,0,0,0,0,0,0,0,0,0,0,0,0,0,0,0,0,0,0,0,0,0,0,0,0,0,0,0,0,0,0,0,0,0,0,0,0,20,0,0,0,0,0,0,0,0,18,2,0,0,0,0,0,0,0,0,0,0,0,0,0,0,6,3.2,0,0,0,0,0,0,8,0,0,0,0,9,0,25,6,0,0,0,0,0,0,6,0,0,0,0,0,0,0,0,0,0,0,0,0,0,0,0,0,0,0,0,0,0,0,0,0,0,0,0,0,18,3,1,0,13,0,0,0,0,0,0,0,0,0,0,0,0,0,0,0,0,2,0,0,0,0,0,0,0,0,8,0,0,0,0,0,0,0,0,0,0,0,0,0,0,0,0,0,0,0,0,0,0,0,0,0,0,0,0,0,0,0,0,16,0,0,0,0,0,0,0,0,0,0,31,0,0,0,0,0,4,0,0,37,0,0,0,0,0,0,0,0,0,0,0,0,0,0,0,0,0
16.2667,76.85,0,0,0,0,0,0,0,0,0,0,0,0,0,0,0,0,0,0,0,0,0,0,0,0,0,0.26667,0,0,0,0.066667,0.20667,0,0,0,0,0,0,0,0,0,0,0,0,0.42,0.63,0,0,0,0,0,0,0,0,0,0,0,1.2333,0,0,0,0,0,0,1.4033,0.13667,0,0,0,0.1,0.70667,0.47,0,0,1.68,1.5367,0.16667,0,0,1.3067,0,0,0,0,0,0,0,0,0,0,0,0,0,0,0.78125,0,0.375,0,0,0,0.0625,0,0,0,1.2062,1.1562,0,0,0.88125,0,0,2.3781,0.74687,0.34375,0.625,0.49062,1.1094,0.19062,0.3125,0.15937,0.5625,0.06875,0,0,0.34687,0.4375,0,1,1.0938,1.5188,0.53125,0,0.31875,3.1562,0.40625,1.3438,0,1.9531,0.66563,1.7906,0.4875,0.72813,0.34375,2.9562,0.30625,2.9187,0.09375,3.4719,1.6875,2.8125,0.70625,0.375,1.0688,0.975,2.3687,0.8125,4.2687,1.5344,4.8812,3.2156,0.85313,6.925,3.2563,1.6813,1.5156,2.4187,5.5625,1.85,9.8312,1.1719,0.92813,2.7563,1.8687,3.2,0.51875,6.0125,2.4031,3.8781,3.3813,1.9344,5.1969,4.1,4.4719,1.4781,1.1687,0.84375,0.8125,0.78125,0.85625,0.44375,4.9125,2.175,4.0469,1.5656,2.0312,2.2312,2.0281,2.5531,2.3375,2.5656,3.5312,1.9937,2.3281,1.6562,2.9125,2.4031,3.5969,3.6812,1.775,3.0938,2.7156,7.4375,2.0562,1.5,4.2281,7.5812,2.0219,2.2219,2.0969,5.0625,1.875,2.9125,6.2156,5.8563,2.8875,3.1,2.0031,3.1844,2.8281,2.3219,1.3687,3.9,2.8969,3.1656,1.6938,2.2719,4.4219,5.1375,5.9969,6.7625,4.0531,2.9438,2.375,3.4719,2.0031,5.9969,3.3438,4.5625,3.5906,8.775,3.8719,6.425,2.6906,2.1781,1.1125,6.0687,3.9344,3.125,3.9875,6.8031,1.8125,4.8406,5.4156,7.5969,4.5844,4.1906,9.3812,4.4562,6.4344,3.4812,3.5875,3.4813,7.375,7.0781,3.4469,6.325,10.8,8.8844,10.231,2.8969,5.0312,3.3906,1.95,6.1188,12.128,2.5312,8.6875,6.3719,3.8813,7.7937,1.6562,1.1,0.96562,1.1812,2.2188,2.5625,1.4875,1.8188,1.8469,0.5625,2.8281,1.225,0.21875,0.375,0.225,0,3.0806,4.2258,3.6323,0.52258,2.4548,0.60323,1.2935,2.1355,0.19355,0.12903,1.8677,0.6129,0.96774,0.32903,0,0,3.129,4.4032,1.8806,0,0,0,2.1452,0,0,0,0.32258,0,0.10323,0,0,0,0,0,0,0,0,0,1.7333,0,0,0,0,0,0.84,0,0,0,0,0,0,0,0,0,0,0,0,0,0,0,0,0,0,0,0,0,0,0,0,0,0,0,0,0,0,0,0,0,0,0,0,0,0,0,0,0,0,0,0,0,0,0,0,0,0,0,0,0,0,0,0,0,0,0,0,0,0,0,0,0,0,0,0,0,0,0,0,0,0,0,0,0,0,0,0,0,0,0,0,0,0,0,0,50.4,0,0,0,0,0,0,0,0,0,0,0,0,0,0,0,0,0,0,0,0,0,0,0,0,0,0,0,0,0,0,0,0,0,0,0,0,0,0,0,0,0,0,0,0,0,0,0,0,0,0,0,0,0,0,12.6,0,0,0,0,0,0,0,0,0,0,0,0,0,0,0,0,0,0,0,0,0,0,0,0,0,0,0,0,0,0,0,18.3,0,0,0,0,0,25.2,21.4,0,0,0,0,0,0,0,0,0,0,0,18.9,0,0,0,0,0,0,0,0,0,0,0,0,0,0,0,0,0,0,0,0,0,0,0,0,6,0,0,0,0,0,64.9,0,0,31.5,0,34.7,14.5,12.6,0,0,0,0,0,0,0,0,0,0,0,0,0,0,0,0,0,0,0,0,17.3,0,0,0,0,0,0,0,0,44.1,0,37.8,0,0,0,0,0,47.3,0,0,0,0,0,5.7,0,0,0,0,63,0,0,0,0,0,0,0,0,12.6,12.8,0,45.2,75.6,0,0,0,0,0,0,0,0,0,0,0,0,0,0,0,0,0,18.9,0,0,0,0,0,0,0,94.5,0,0,0,0,0,0,0,0,0,0,0,0,0,0,0,0,0,0,0,0,0,0,0,0,0,0,0,0,0,0,0,0,0,0,0,0,0,0,0,0,0,0,0,0,0,0,0,0,0,0,0,0,0,0,0,0,0,0,0,0,0,0,0,0,0,0,0,0,0,0,0,0,0,0,0,0,0,0,0,0,0,0,0,0,0,0,0,0,0,0,0,0,0,0,0,0,0,0,0,0,0,0,0,0,0,0,0,0,0,0,0,0,0,0,0,0,0,0,0,0,0,0,0,0,0,0,0,0,0,0,0,0,0,0,0,0,0,0,0,0,0,0,0,0,0,0,0,0,0,0,0,0,0,0,0,0,0,0,0,0,0,0,0,0,0,0,0,0,0,0,0,0,0,0,0,0,0,0,0,0,0,0,0,0,0,0,0,0,0,0,0,0,0,0,0,31.5,0,0,0,0,0,0,0,0,0,0,0,0,0,0,0,0,0,0,0,0,0,0,0,0,0,0,0,0,28.4,0,0,0,0,0,0,0,0,0,30.9,0,0,0,0,0,0,0,0,0,0,0,0,0,35.2,18.9,44.1,15.8,0,0,0,0,0,0,0,0.5,0,0,0,0,0,0.5,0,0,0,0,0,0,0,0.5,0,0,0,0,0,0,0,0,0.9,0,0,0,0,3.2,0,0,0,0,0,0,12.6,0,0,0,0,0,0,0,0,0,0,0,0,0,0,0,0,0,0,0,0,0,0,25.2,0,6.3,0,0,0,31.5,0,0,0,0,0,0,0,0,0,0,0,0,0,0,0,0,0,0,0,0,0,0,0,0,0,0
16.2,77.2,0,0,0,0,0,0,0,0,0,0,0,0,0,0,0,0,0,0,0,0,0,0,0,0,0,0,0,0,0,0,0,0,0,0,0,0,0,0,0,0,0,0,0,0,0,0,0,0,0,0,0,0,0,0,0,0,0,0,0,0,0,0,0,0,0.5,0,0,0,0,0,0,0,0,0,0,0,0,0,0,0,0,0,0,0,0,0,0,0,0,0,0,0,0,0,0,0,0,0,0,0,0,0.5,0,0,0,0,0,1,0,0,0,8,0,7.8,0,0,0,0,0,0.4,0,0,0,0,0,0,0,0,0,0.5,0,0,0,0,0,0,0,0,0,0,0,0,0,0,0,0,0,0,0,4,0,0,2,7,0,0,6,0.5,0,20,0,0,4.4,21.4,0,0,0,6,0,2,0,0,0,1,0,0,0,0,1,0,0,1.5,2,0,0,0,0,1,0,0.3,0,0,0,0,1,0,0,0,3,5,0,0,10,0,2,14,9,2,0,0,0.5,15,15,0,7,0.5,1,2,11,2,1,5.6,1,0,0.5,40,22,0,3.5,0,38,17,11,24,4,0,0,0,4.5,1.5,0,0,0.5,2.5,0.5,8,39.5,29.1,0.5,0,0,0,0,0,0,0,0,0,0,2.5,10,0,0.4,0,0,0,0,0.5,0,0.5,0,0,2,0,0,0,0,0,0,0,0,0,0,0,0,0,0,0,0,0,0,0,0,0,0,0,0,0,0,0,0,0,0,0,0,0,0,0,0,0,0,0,0,0,0,0,0.6,7.8,13.4,0,0,0,0,0,0,0,0,0,0,0,0,0,0,0,0,0,0,0,0,0,0,0,0,0,0,0,0,0,0,0,0,0,0,0,0,0,0,0,0,0,0,3,0,0,0,0,0,0,0,0,0,0,0,0,0,0,2,0,0.5,0,0,0,0,12.4,0.5,0,0,0,0,0,0,0,0,0,0,0,0,0,0,0,0,0,0,0,0,0,0,0,0,0,0,0,0,0,0,0,0,0,0,0,0,0,0,0,0,0,0,0,0,0,0,0,0,0,0,0,0,0,2,0,0,0,0,0,0,0,3,0,0,0,0,0,0,0,0,0,0,0,0,0,0,0,0,0,0,0,0,0,0,0,0,0,0,0,0,0,0,0,1.5,0,0,0,15,0,0,0,0,0,0,7.5,0.5,0,0,0,40,0,25,2,0,0,0,0,0,0,0,0,0,0,0,0,0,0,0,0,0,0,0.4,0,0,17,0,0,2,5,0,1,0,0,4,0.5,0,0,0,3.8,0,0,0,31,0,0,0,0,1,7,33.5,0,0.2,4,0,0,0,0,19,5,0,0,0,0,0.5,0,1.4,0,0,0,0,0,0,1,0,77,2,0,10,1,0.5,4,0,3,17.3,59.7,19.8,15.2,17,0.5,0,0,0,1,0,0,9,0,0,0.5,2,0,0.5,0,0,0,0.5,0.6,0.5,2,7,0.5,0,4,1,0,45,0.6,0,0.6,0,0,1,0,5,32,1,0,0.5,0,0.5,0,12,5,0.6,0,64,6.6,4.5,7,7,6,0,0,0,0,4.5,51.5,31,0,30,0,0,0,0,0,0,0,0,0,0,0,0,0,0,0,0,0,1,0,1,2.5,0,3.5,0,0,0,0.6,65,0,0,0,0,0,0,0,0,0,0,0,0,0,0,0,0,0,0,0,0,0,0,0,0,0,0,0,0,0,0.6,0,0,0,0,0,0,0,0,0,0,0,0,0,0,0,0,0,0,0,0,0,0,0,0,0,0,0,0,0,0,0,0,0,0,0,0,0,0,0,0,0,0,0,0,0,0,0,0,0,0,0,0,0,0,0,0,0,0,0,0,0,0,0,0,0,0,0,0,0,0,0,0,0,0,0,0,0,0,0,0,0,0,0,0,0,0,0,0,0,0,0,0,0,0,0,0,0,0,0,0,0,0,0,0,0,0,0,0,0,0,0,0,0,0,0,0,0,0,0,0,0,0,0,0,0,0,0,0,1,0,2.6,0,0,0,0,0,0,0,0,4,0,1,0,0,0,0,0,0,0,1.5,0,0,0,0.5,0,0,0,0,0,0.5,1.5,0,1,23,0,0,0,0,0,0,0,0,0,1,0,0,0,0,0.5,3,2,0,0,0,0,0,0,0,0,0,0,2.5,0,2,0,0,0,0,0,1,9.5,5.8,18,6.6,0,0,88,0,0,0,0,0,0,13.4,1.5,27,15,21.8,57.6,0.5,6,0,0,8,0,0,0,12.5,8,0,0,2.5,28,0,0,1,6,28.6,0,1,0,4,24,10,0,0,0,0,0,4,18,0,1,0,1,0.5,0,0,0,0,0,0.5,11,0,0.5,15.5,1,2,0,0,0,0,0,0,0,0,0,0,0.5,0.5,0,0,0,0,0,87,0,3.5,0.5,15,0,0,6,11,0.5,2,2,47,0,0,0,0,0,0,0,0,0,0,0,0,0,0,0,0,0,0,0,0
16.75,78,0,0,0,0,0,0,0,0,0,0,0,0,0,0,0,0,0,0,0,0,0,0,0,0,0,0,0,0,0,0,0,0,0,0,0,0,0,0,0,0,0,0,0,0,0,0,0,0,0,0,0,0,0,0,0,0,0,0,0,0,0,0,0,0,0,0,0,0,0,0,0,0,0,0,0,0,0,0,0,0,0,0,0,0,0,0,0,0,0,0,0,0,0,0,0,0,0,0,0,0,0,0,0,0,0,0,0,0,0,0,0,0,0,0,0,0,0,0,0,5,0,0,0,0,0,0,1,0,0,0,1,0,0,0,0,0,0,0,12.4,0,0,0,0,0,0,0,0,0,0,0,0,0,11.8,0.6,0.4,4.6,0,0.4,1,2.6,1,0.6,0.4,18.4,0,2.8,15.2,33.2,0.4,0,0,0,0,0,0,0,0,0,0,0,1.6,3.6,2,0.6,3,0.9,0,0,0,1.6,1.4,0,1,2,0.8,1.8,0,0,0,4.2,0,0,41.6,0.4,0.4,13.6,8.8,1.6,0,0,0,1.6,9.2,0,2,1.8,0.6,36.2,3.8,12.8,2,0,0,0,7,3.6,69,0,0,0.6,16,10.4,42,45,14.2,7.4,0.8,4.8,0,0,2,4.4,9.2,0,0,55.2,9.2,3.6,9.2,0,0,0,0,0,0,0,0,0,5.4,0,8.2,0,0,0,0,3,1.4,0,0,59,0,0,20,0,0,5.8,0,0,0,0,0,0,0,0,0,0,0,0,0,0,0,7.2,0,0,0,0,0,0,0,0,0,0,0,0,0,0,0,0,0,0,0,0,0,0,0,0,0,0.4,0,4,0,0,0,0,0,0,0,0,0,0,0,0,0,0,0,0,0,0,0,0,0,0,0,0,0,0,0,0,0,0,0,0,0,0,0,0,0,0,0,0,0,0,0,0,0,0,0,0,0,0,0,0,0,0,0,0,0,0,0,0,0,0,0,0,8.6,0,0,0,0,0,0,0,0,0,0,0,0,0,0,0,0,0,0,0,0,0,0,0,0,0,0,0,0,0,0,0,0,0,0,0,0,0,0,0,0,0,0,0,0,0,0,0,0,0,0,1,15,0,25.6,0,0,0,0,0,0,0,0,0,0,0,0,0,0,0,0,0,0,0,0,0,0,0,5.2,0,0,0,0,0,0,0,0,0,0,0,0,0,0,0,0,27,0,0,0.6,0,0,0,0,0,0,0,0,0,0,0,7.5,2,2,0,0,0,0,0,0,0,0,0,0,0,0,0,0,0,0,0,0,0,0,0,0,0,0,0,1,0.6,0,30,0,0,5,0,0,11.6,0,9.5,0,1,0,0,8.4,1.4,0,0,3.6,25.6,26.6,6.4,14.8,0,0,0,0,7.6,38,52,1,7,3,0,0,0,0.4,0,0,0,0,0,0,0,0,13.6,8.2,2,0,61,4.6,0,0,25.4,5.4,6,50.8,16.4,28.6,0.6,0,6.4,2.6,0,0,1,23,14.8,0.4,1,0,0,0,0,0,0,0,0,0,0,4.4,0,0,0,0,0,32.4,1.6,1.6,0,4.6,0.4,0,0,0,53,0,0,6,0,0,0,7.6,2.8,7,2.4,0.4,117,11.4,1.8,0,4.4,0.4,12,1.4,0,8.4,4,9.6,7.6,0,0,4,20.4,0,0,0,0,0,0,0,0,0,0,0,0,0,0,0,0,0,0,1.6,3.6,0,4.6,0,0,0,0,8,0,0,0,0,0,0,0,0,0,0,0,0,0,0,0,0,0,0,0,0,0,0,0,0,0,0,0,0,0,0,0,0,0,0,0,0,0,0,0,0,0,0,0,0,0,0,0,0,0,0,0,0,0,0,0,0,0,0,3.2,3.4,0.5,1.4,10.5,5.5,0,1.5,0,7.4,0,0,0,0,0,0,0,0,0,0,0,0,0,0,0,0,0,0,0,0,0,0,0,0,0,0,0,0,0,0,0,0,0,0,0,0,0,0,0,0,0,0,0,0,0,0,0,0,0,0,0,0,0,0,0,0,0,0,0,0,0,0,0,0,0,0,0,0,0,0,0,0,0,0,0,0,0,0,0,0,0,0,0,0,0,0,0,0,22,0,1,0,0,0,0,0,0,0,0,9,0,0.6,0,0,0,0,0,0,0,0,10,0,0,0.8,0,0,0,0,0,0,3,0,0,4,12.6,0,0,0,0,0,7,0,0,0,0,1.6,1,0,0,0,14,4,0,0,0,0,0,0,0,0,0,22.2,4,24.4,26.4,0,0,0,0,1.8,20.6,7.4,0,4.6,9,1.4,14,0,0,0,0,0,0,6,0,0,17,32,0,8.2,0,0,8,20,13,0,0,23,3,0,0,0,1,0,0,0,2.6,34,26,0,0,0,12,0,0,0,7.6,5,2.8,4.8,0,1.6,3.6,0,0,23,0,5.8,0,0,0,0.4,2,0,0,3.6,1,0,0,0,0,0,0,0,0,0,0,0,0,8.6,0.8,15.2,0,0,0,2,0,7,9.6,0,0,0,0,1.6,12.6,20.2,2.6,10,0,1.6,0,0,0,0,0,0,0,0,0,0,0,0,0,0,0,0,0,0
16.4833,78.3166,0,0,0,0,0,0,0,0,0,0,0,0,0,0,0,0,0,0,0,0,0,0,0,0,0,0,0,0,0,0,0,0,0,0,0,0,0,0,0,0,0,0,0,0,0,0,0,0,0,0,0,0,0,0,0,0,0,0,0,0,0,0,0,0,0,0,0,0,0,0,0,0,0,0,0,0,0,0,0,0,0,0,0,0,0,0,0,0,0,0,0,0,0,0,11.4,0,0,0,0,0,0,0,0,0,0,0,0,0,0,0,0,0,0,7.2,0,0,0,0,0,0,7.6,0,0,0,0,0,0,0,0,0,0,0,0,0,13.7,0,0,0,0,0,0,0,0,0,0,0,0,0,0,0,0,0,0,0,4.5,0,8.4,0,4,0,1,0,0,15,0,0,0,16.6,1.2,0,0,0,0,0,0,0,0,0,0,0,0,0,19,0,19,0,0.5,0,3,1.2,3.2,0.8,0.6,0,0,27.2,0,0,0,0,0,0,24,0,1.8,16.4,14.6,0,0,0,0,34,2,5.1,3,2,0,7.4,23.8,38,6,0,0,4.2,0,35.4,0,0,0,0,12,9.6,0,21.4,13.4,0,0,0,0,0,0,2,4,0,0,33.2,17.8,2.8,0,0,0,0,0,0,0,0,0,0,0,0,0,0,0,0,0,0,0,0,0,0,0,0,0,11.4,0,0,0,0,0,0,0,0,0,0,0,0,0,0,0,0,0,9.8,0,0,0,0,0,0,0,0,0,0,0,0,0,0,0,0,0,0,0,0,0,0,0,0,0,4,0.4,1.7,0,0,0,0,0,0,0,0,0,0,0,0,0,0,0,0,0,0,0,0,0,0,0,0,0,0,0,0,0,0,0,0,0,0,0,0,0,0,0,0,0,0,0,0,0,0,0,0,0,0,0,0,0,0,0,0,0,0,0,0,0,0,0,0,0,0,0,0,0,0,0,0,0,0,0,0,0,0,0,0,0,0,0,0,0,0,0,0,0,0,0,0,0,0,0,0,0,0,0,0,0,0,0,0,0,0,0,0,0,0,0,0,0,0,0,1.6,2.6,0,4.8,0,0,0,0,0,0,6.6,10.2,0.8,0,0,0,0,12.6,18.2,0,0,0,0,0,0,0,0,6,0,0,0,0,0,0,0,0,0,0,0,0,0,0,0,11,108.8,0,0,0,0,0,0,0,0,0,0,0,0,0,0,0,0,4.4,2.8,0,0,0,0,0,0,0,0,0,0,0,0,0,0,0,0,0,0,0,0,0,0,0,0,0,0,0,0,0,0,0,0,0,4,0,0,0,0,0,0,0,16.4,0,0,11,37.4,11.4,1,9.2,11,0,0,0,9.8,20,35.2,3.8,5.6,0,0,0,0,0,0,0,0,0,0,0,0,0,16,16.6,0.8,0,43.2,1.2,0,0,6.8,9,3.2,29.2,13.6,8.2,0,0.6,0.8,1.6,0,0,0,15.6,30.2,2.2,6,2,3.2,0,0,0,0,0,0,0,0,9.8,0,0,0,0,0,68,5,0,2.8,0,0,0,0,1.8,4.1,0,0,0,0,0,22.9,8,49.4,8.2,2.3,31.8,37.5,8.4,0,2.3,16,0,0,0,0,0,11.6,0,0,0,0,55.5,0,0,0,0,0,0,0,0,0,0,0,0,0,0,0,0,0,0,0,0,17.6,0,0,0,0,0,0,0,0,0,0,0,0,0,0,0,0,0,0,0,0,0,0,0,0,0,0,0,0,0,0,0,0,0,0,0,0,0,0,0,0,0,0,0,0,0,0,0,0,0,0,0,0,0,0,0,0,0,0,0,0,0,0,0,0,0,0,0,0,0,0,0,0,0,0,0,0,0,0,0,0,0,0,0,0,0,0,0,0,0,0,0,0,0,0,0,0,0,0,0,0,0,0,0,0,0,0,0,0,0,0,0,0,0,0,0,0,0,0,0,0,0,0,0,0,0,0,0,0,0,0,0,0,0,0,0,0,0,0,0,0,0,0,0,0,0,0,0,0,0,0,0,0,0,0,0,0,0,0,0,0,0,0,0,20.6,0,10,0,0,0,0,0,0,0,0,0,0,0,0,0,0,0,0,0,0,0,0,0,0,0,0,0,0,5.5,0,0,0,0,0,0,0,0,0,0,0,0,0,2.4,0,0,0,0,0,0,0,0,0,0,0,0,0,0,2.5,7.4,2,0,0,0,6,7.3,0,0,5.2,2.8,0,3.4,2,13.2,32,0,0,0,0,0,0,0,0,0,0,0,0,0,16,44.6,3,0,0,0,0,10.3,0,2.2,0,23.1,3.8,0,0,0,0,0,0,6,0,4,38,1.6,4,2,3.8,0.6,0,0,0,23,13.6,2.1,3.5,11.2,21.6,0,0,9.4,1,16.5,0,0,0,0,0,0,0,0,0,0,0,0,0,0,0,0,0,0,0,1.5,0.5,13.2,1.9,2.8,0,0,0,4.5,0,7.2,0,0,0,0.3,29.3,0,24.3,28.4,7.7,22.7,0,0,0,0,0,0,0,0,0,0,0,0,0,0,0,0,0,0,0,0
16.476,79.4394,0,0,0,0,0,0,0,0,0,0,0,0,0,0,0,0,0,0,0,0,0,0,0,0,0,0,0,0,0,0,0,0,0,0,0,0,0,0,0,0,0,0,0,0,0,0,0,0,0,0,0,0,0,0,0,0,0,0,0,0,0,0,0,0,0,0,0,0,0,0,5,0,0,0,0,0,0,0,0,0,0,0,0,0,0,0,0,0,0,0,0,0,0,0,0,0,0,0,0,0,0,0,0,0,0,0,0,0,0,0,0,0,0,0,0,0,0,0,0,0,0,0,0,0,0,0,0,0,0,6.4,0,0,0,0,0,0,0,4.2,0,0,0,0,0,0,0,0,0,0,0,11.4,0,0,0,9.3,25.8,0,0,9.8,0,9.2,0,0,0,42.9,14.2,24.8,54.5,2.7,1.9,0,0,0,0,0,0,0,0,0,0.9,0,0,0,11.7,2.3,1.2,0,0,0,0,0,0.8,0,6.2,4.8,0,0,0,0,0,0,0,0,9.1,6.1,33.4,4.8,32.6,0.8,0,0,0,10.4,1.9,0,0,0,0,0,4.8,10.9,0,0,0,0,0,0,0,9.2,39.8,0,3.9,0,3.3,2.8,0,0,0,0,0,0,0,0,0,0,0,14.4,17.4,0,0,0,0,0,0,0,0,0,3.4,0,0,0,0,0,0,0,0,0,0,0,0,0,0,0,0,0,0,0,0,0,0,0,0,0,0,0,0,0,0,0,0,0,0,36.2,10.6,0,0,0,0,0,0,0,0,0,0,0,0,0,0,0,0,0,0,0,0,0,0,0,0.6,1.8,0.2,10.7,3.4,0,0,0,0,0,0,0,0,0,0,0,0,0,0,0,0,0,0,0,0,0,0,0,0,0,0,0,0,0,0,0,0,0,0,0,0,0,0,0,22.8,31.2,0,0,0,0,0,0,0,0,0,0,0,0,0,0,2.5,0,0,0,0,0,0,0,0,0,0,0,0,0,0,0,0,0,0,0,0,0,0,0,0,0,0,0,0,0,0,0,0,0,0,0,0,0,0,0,0,0,0,0,0,0,0,0,0,0,0,0,0,0,0,0,0,0,4.3,5.3,0,6.2,0,3.6,0,0,0,0,0,0,0,3.6,6.4,0,95.3,0,0,0,0,0,0,0,0,0,0,0,0,0,0,0,0,0,0,0,0,0,0,0,0,0,0,0,0,0,22,0,0,0,0,0,0,0,0,0,2.2,0,0,0,0,0,0,0,0,0,0,0,0,0,0,0,0,0,0,0,0,0,0,0,0,0,0,0,0,0,0,0,0,0,0,0,0,0,0,0,0,0,0,0,0,0,0,0,0,0,0,0,0,0,38.4,0,0,7.5,0,0,0,0,0,0,0,7.1,0,0,0,0,0,0,0,0,0,0,0,0,36.7,0,0,0,0,12.4,0,47.4,0,2.6,2.2,9.5,22.3,23.9,0.8,0,0,0,0,0,0,0,0.5,12.5,0,0,0,0,0,0,0,0,0,0,0,0,0.6,0,0,0,0,0,0,0,0,10.8,25.6,2.9,2,7,17.2,5,0,0,0,0,0,0,10.2,0.8,4.6,10.8,22.6,39.2,8.8,42,0,0,0,0,0,0,0,0,6.4,0,0,0,0,0,0,0,0,0,0,0,0,0,0,0,0,0,0,0,0,0,0,3.6,25.2,16.2,0,0,0,0,0,0,0,0,1.6,0,0,0,0,0,0,0,0,0,0,0,0,0,0,0,0,0,0,0,0,0,0,0,0,0,0,0,0,0,0,0,0,0,0,0,0,0,0,0,0,0,0,0,0,0,0,0,0,0,0,0,0,0,0,0,0,0,0,0,0,0,0,0,0,0,0,0,0,0,0,0,0,0,0,0,0,0,0,0,0,0,0,0,0,0,0,0,0,0,0,0,0,0,0,0,0,0,0,0,0,0,0,0,0,0,0,0,0,0,0,0,0,0,0,0,5,0,0,0,0,0,0,0,0,0,0,0,0,0,0,0,0,0,0,0,0,0,0,0,0,0,0,0,0,0,0,0,0,0,0,0,0,0,0,0,0,0.6,0,0,0,0,26.5,0,0,8,0,0,0,0,6.5,0,0,0,0,0,5,0,0,0,0,0,0,0,0,0,0,0,0,70.8,0,5.4,0,0,0,0,0,0,0,0,0,0,0,0,0,0,17.8,0,0,0,0,0,0,0,0,66.3,0,0,0.6,6.2,2.2,2.5,0,0,1.5,0,0,0,6.2,0,0,0,6.3,0.4,0,0,0,0,0,0,0,0,0,4.8,6,7.8,0,0,0,0,0,3.9,10.2,0,14.8,4.2,0,0,1.5,1.6,0,0,0,0,0,0,0,0,0,0,0,0,0,0,0,0,0,0,13,0,0,0,0,0,1.5,0.8,0,0,0,0,0,0,0,2,0,0,0,0,0,0,0,0,2.4,0,0,7.4,70.6,3.2,0,0,0,0,29.4,2.4,1.6,0,0,0,0,0,0,5.8,13.2,5.8,4.9,0,0,0,0,0,0,0,0,0,0,0,0,0,0,0,0,0,0,0,0
16.55,80.8,0,0,0,0,0,0,0,0,0,0,0,0,0,0,0,0,0,0,0,0,0,0,0,0,0,0,0,0,0,0,0,0,0,0,0,0,0,0,0,0,0,0,0,0,0,0,0,0,0,0,0,0,0,0,0,0,0,0,0,0,0,0,0,0,0,0,0,0,0,0,0,0,0,0,0,0,0,0,0,0,0,0,0,0,0,0,0,0,0,0,0,0,0,0,0,0,0,0,0,0,0,0,0,0,0,0,0,0,0,0,0,0,0,0,0,0,0,0,0,0,0,0,0,0,0,0,0,0,0,10.8,0,0,0,2.6,0,0,0,0,0,0,1.1,0,0,0,0,0,0,0,0,6.4,0,33.4,0,14.6,9.8,0,10.5,11.4,0,0,0,3.1,1,0,48.4,8.6,49.5,39.4,0,0,0,0,0,0,0,0,0,1.1,5.2,3.8,1.6,31.4,26.2,9.4,0,0.5,0.6,0,0.9,0,1.1,0,0.5,3.7,0,0.9,0,0,0,0,0,0.8,12.2,26.2,25.6,26.4,63,0.4,0,0,0,21.2,8.2,12.3,13.4,0.2,0,12.5,18.1,7.9,0.2,0.5,0,1,0.3,1,0,2,10.8,0,8,17.8,6,13.3,0,0,0,0,0,0.5,0,0,0,0,0,1.9,9,0.1,0,0,0,0,0,0,1.2,2.5,0.8,0.3,0,0,0,0,7.7,0,0,0,0,0,5.4,0,0,0,0,0,0,0,0,0,0,0,0,0,0,0,0,0,0,1.1,3.6,0,0.7,92.7,6.1,4.6,0.5,0,0,0,0,0,0,0,0,0,0,0,0,0,0,0,0,0,0,0,0,0.7,0,24,0.7,1.2,0,0,0,0,0,0,0,0,0,0,0,0,0,0,0,0,0,0,0,0.2,0,0,0,0,0,0,0,0,0,0,0,0,0,0,0,0,0,0,0,0,0,0,0,0,0,0,0,0,0,0,0,0,0,0,0,2.5,3.4,0.5,0,0,0,0,0,0,0,0,0,0,0,0,0,0,0,0,0,0,0,0,0,0,0,0,0,0,0,0,0,0,0,0,0,0,0,0,0,0,0,0,0,0,0,0,0,0,0,0,0,0,0,0,0,0,0,0,0,0,0.3,3.1,0,0,0,0,0,0,0,0,0,0.2,0,0,22.4,0,0,0,0,0,0,0,0,0,0,0,0,0,0,0,0,0,0,0,0,0,0,0,0,0,0,0,0,42.5,0.5,0,0,0,0,0,0,0,0,0,0,0.5,12.4,0,0,0.4,0,14.6,0,0,0,4.5,0,0,0,0,0,0,2.1,0.2,0,0,0,0,0,0,0,0,0,0,0,0,0,0,0,0,0,0,0,0,0,0,0,0,0.5,0,0,0,0,31.8,0,0.2,23.9,1.2,87.1,6.9,0,3.1,10.5,0.7,0,1,15.4,34,1.7,25.4,0,0,4.7,0.3,7.3,0,1,0.1,0,0,0,0,0,12,41.2,0,0,5.8,0,36.1,0,44.3,2.9,1.3,42.6,18.9,0,0,0,0.3,0,0,0.5,0,2.9,0.6,0.4,0,3.8,0,0,3.6,1.7,0,0,0,0,17.3,4.3,0,0,0.3,11.4,0,3.1,4.3,0,0.3,0,0,0,2.9,2.4,3.4,0,0,0,0,12.3,28,10.5,7.6,3.6,1.2,0.1,4.6,6.6,5.9,0,3.8,0,0,0,18.7,1.6,2.7,0,0.8,0,0,0,0,49.2,0,0,0,0,0,0,0,0,0,0,0,0,0,13,15.4,0,2,20.3,14.8,5.4,0,0,0,5.6,0,0,0,0,0,0,25.6,0,0,0,0,0,0,0,0,0,0,0,0,0,0,0,0,0,0,0,0,0,0,0,0,0,0,0,0,0,0,0,0,0,0,0,0,0,0,0,0,0,0,0,0,0,0,0,0,0,0,0,0,0,0,0,0,0,0,0,0,0,0,0,0,0,0,0,0,0,0,0,0,0,0,0,0,0,0,0,0,0,0,0,0,0,0,0,0,0,0,0,0,0,0,0,0,0,0,0,0,0,0,0,0,0,0,0,0,0,0,0,0,0,0,0,0,0,0,0,0,0,0,0,0,0,0,0,0,0,0,0,0,0,0,0,0,0,0,0,0,0,0,0,0,0,0,0,0,0,0,0,0,0,0,0,0,0,0,0.3,0,0,0,0,0,0,0,0,0,0,0,0,0,0,0,2.5,0,0,0,4.8,0,0,0,0,0,0,0,0,0.1,1.2,0,0,0,0,0,0,18.6,0,0,0,0,0,1.2,0,0,1.4,0,0,0,0,0.6,0,20.3,1.7,0,8.4,4.9,13.2,9,0,0,0.6,3.5,0.6,0,16.5,0,1.5,0,0,17.4,0,0,0,0,0,0,8.6,0,0,0,6.6,0,6,0,0,0.3,0.5,0,11,3,22.7,2.4,3.2,7.5,20.9,8.9,0.4,3.1,10,0,3.6,1.4,0,0,0,0,1.4,0.8,4.1,7.4,4.2,6.4,1.6,2.1,35.8,16.9,0.2,0,0,52.5,4.1,11.8,0,0,0.2,2.8,0,11.1,5.8,2.2,0,0,0,0,0,4.8,9.7,0,0,0,7.5,0,0,9.8,2.4,1.6,0,0,1.8,0,0,0.3,15,0,0,0,25.4,5.2,27.9,0,0,0,1.7,0,0,0,0.9,0,0,0,0,0,0,0,0,0,0,0,0,0,0
17.9333,73.6667,0,0,0,0,0,0,0,0,0,0,0,0,0,0,0,0,0,0,0,0,0,0,0,0,0,0,0,0,0,0,0,0,0,0,0,0,0,0,0,0,0,0,0,0,0,0,0,0,0,0,0,0,0,0,0,0,0,0,0,0,0,0,0,0,0,0,0,0,0,0,0,0,0,0,0,8.5,0,0,0,0,0,0,0,0,0,0,0,0,0,0,0,0,0,0,0,11.6,0,0,0,4.2,0,0,0,0,0,0,0,0,0,0,0,8.4,0,0,0,0,0,0,0,1.0548,0.30645,0,0,0,0,0,16.4,0,0,0,0,0,0,0,0,0,0,0,0,0,0,0,0,0,0,0,0,0,0,0,0,0,0,2.1,1.1,1.6,15.1,41,65.1,30.1,7.2,8.4,4.4,11.4,10.4,6.3,32.1,40.2,11.5,6.2,8.2,14.4,45.4,101.3,130.2,159.7,108.5,49.5,10.2,70.2,99.1,145.5,90.3,202.5,259.3,234.6,163.6,119.3,92.2,59.6,28.5,37.1,23.5,25.1,4.1,7.1,16.2,10.4,10.7,21.3,36.4,59.5,65.7,76.6,42.3,46.5,63.5,90.2,99.5,99.5,115.7,64.4,87.3,76.3,130.5,0,315.2,158.7,115.5,95.5,133.5,53.3,48.3,73.5,83.7,64.5,29.1,14.1,2.7,8.3,13.2,11.5,17.3,38.1,163.4,64.1,23.5,43.5,48.5,52.5,49.4,105.4,70.3,98.7,36.7,75.2,72.5,60.2,52.2,30.4,11.7,7.1,17.5,9.2,4.2,2.5,1.7,30.5,40.6,12.7,5.1,6.4,4.2,0,0,0,1.5,15.7,26.3,0,0.7,2.5,0,2.4,4.2,16.5,0,0,0,6.3,0,0,0,0,0,0,0,0,0,0,0,0,0,0,0,0,0,0,0,0,0,0,0,0,0,0,0,0,0,0,0,0,0,0,0,0,0,4.8,7.4,10.2,1.4,7.5,4.5,3.7,1.4,1.5,0,0,0,0,0,0,0,0,0.013333,0,0,0,0,0,0,0,0,0,0,0,0,0,0,0,0,0,0,0,0,0,1.1,49.6,0,0,0,0,0,0,0,0,0,0,0,0,0,0,0,0,0,0,0,0,0,0,0,0,0,0,0,0,0,0,0,0,0,0,0,0,0,0,0,0,0,0,0,0,0,0,0,0,0,0,0,0,0,0,0,0,0,0,0,0,0,0,0,0,0,0,0,0,0,0,0,0,0,0,0,0,0,0,0,0,0,0,50.4,0,0,0,0,0,0,0,0,0,0,0,0,0,0,0,0.59688,1.2656,0.42188,0.09375,0.53125,0.15,0.26875,0.79688,1.8406,0.4875,0.23125,0.59688,0.10625,1.1125,1.2156,0.8,0.25625,0,0.24063,1.5687,1.1594,0.009375,1.025,0,1.6531,0.30625,0.50313,1.975,1.0548,0.30645,22.5,8.4,0,0,0,0,0,0,0,0,0,0,0,0,0,0,0,0,0,0,0,0,0,0,0,0,0,0,0,0,0,0,1.2,12.4,7.1,23.5,8.1,0,0,5.1,0,0,16.4,2.6,0.9,1.4,0.2,0,0.8,5.2,9.8,7.5,22.4,16.6,47.3,152.4,110,21.4,35.3,60.4,77.513,56.691,57.775,69.053,71.863,48.516,44.45,42.362,44.625,49.488,42.541,39.159,46.556,62.978,65.4,70.419,69.059,83.309,93.359,86.791,88.916,70.071,79.194,77.229,81.052,77.026,88.458,89.868,88.439,75.416,67.155,69.216,69.684,81.884,75.858,72.884,58.271,66.052,65.635,72.268,67.61,67.784,79.952,86.126,76.306,69.471,59.232,60.832,59.81,54.306,48.081,47.484,41.4,38.232,46.271,37.539,42.435,42.426,37.971,37.184,36.387,43.89,29.75,32.159,42.087,36.725,38.866,32.841,42.75,30.838,20.575,20.434,17.866,20.178,18.328,13.213,17.441,15.822,11.216,14.716,10.066,9.9344,13.537,13.266,15.434,13.997,12.259,8.0094,11.506,9.7625,7.3094,11.244,5.1344,4.6281,7.1156,10.4,13.688,9.7187,9.325,7.4437,8.6375,6.0656,4.7188,11.497,7.7094,2.3219,3.2937,1.5406,2.5969,3.1781,7.2344,1.4094,1.9406,2.2406,1.1656,1.1469,1.4187,1.2344,0.90312,4.1125,1.2875,0.09375,1.15,1.9656,1.471,0.058065,1.5677,0.74194,0.6129,3.4871,1.3935,0.97097,3.271,1.9677,4.0419,4.4323,0.84516,0.48065,0.60645,2.3387,1.5387,3.0419,0.24516,0.94194,1.8194,0.55161,2.2226,0.17419,0.054839,0.012903,0.0032258,0.30323,0.65484,0.013333,0.23125,0.875,0.0875,0,0.025,1.4969,0.015625,1.0031,0.33125,0,0.88125,0.80625,0,0,0,0,0,0,0.0125,0,0,0.034375,1.55,0,0.3,0.05625,0,0.8,0,0.003125,0.2875,0,0,0,0,0,0,0,0,0,0,0,0,0,0,0,0,0,0,0,0,0,0,0,0,0,0,0,0,0,0,0,0,0,0,0,0,0,0,0,0,0,0,0,0,0,0,0,0,0,0,0,0,0,0,0,0,0,0,0,0,0,0,0,0,0,0,0,0,0,0,0,0,0,0,0,0,0,0,0,0,0,0,0,0,0,0,0,0,0,0,0,0,0,0,0,0,0,0,0,0,0,0,0,0,0,0,0,0,0,0,0,0,0,0,0,0,0,0,0,0,5,0,0,0,0,0,0,0,0,0,0,0,0,0,0,0,5,0,0,34,7,0,0,0,0,1,0,0,10.5,0,0,0,0,0,0,0,0,0,0,0,27.8,16,11.6,4.6,17,1.5,23.2,24,31,129,70,30,60,52,23,17.2,4.8,5,1.8,0,0,0,0,12,61.5,3.8,51,29,1,7,32.6,13,15,6,61,47,39,31,103,97,32,163,86.6,50,64.6,59,49,67.4,117.8,89.2,48,67,45,25.8,8.8,14.8,20.6,10.2,35,50,39.8,82,37,57,94.8,187,133,101,45,203,66.2,52.4,98,33,86,83,176,76.2,11,16.5,20,41,43.4,0,0,0,0,5,13.8,29,26,12.8,9.8,13.8,4.8,1.5,0,2.5,1.5,0,0,0,12.8,2,16,5,4.8,0,4,17.5,9,15,0,0,1,0,0,0,0,0,0,0,1.2,0,0,0,0,0,0,0
17.2833,74.1833,0,0,0,0,0,0,0,0,0,0,0,0,0,0,0,0,0,0,0,0,0,0,0,0,0,0,0,0,0,0,0.1,0,0,0,0,0,0,0,0,0,0,0,0,0,0,0,0,0,0,0,0,0,0,0,0,0,0,0,0,0,0,0,0,0,0,0,0,1,0,0,0,0,0,0,0,0,2,0,0,0,0,0,0,0,0,0,0,0,0,0,0.41875,0,0,0,6,0,8.1,0,0,0,0,0,0,0,0,0,6.5,18.5,8,0,0,0,0,0,0,0,0,0,2,1.0125,0,0,0,0,5,19.5,0,0,0,0,0,0,0,0,0,0,0,0,0,0,0,0,0,0,0,0,0,0,0,0.91875,1.025,1.7281,0,0,15,30,10,16,12,0,0,0,0,1,0,0,11,0,0,4,13,0,6,35,8,2,1,2,6,8.5,8.1312,10.353,17.5,69,49,8,7,14,11,7.4,1,4.5,2,2.5,0,2,6,4,1,4,0,0,1.5,0,0,5,3,2,3,11,2,5.1656,6.6344,8,2,75,28,7.5,3.5,3,6,6.5,8,5,4.5,1,0,0,0,0,0,4.1,8.8,1.2,2,0,4,7,6,0,0,2.1,1.8469,3.2812,0,0,3.3,0,0,1,0,0,0,0,0,0,0,0,0,0,0,0,0,0,20,17,24,15.2,0,0,0,0,3.129,5.0613,61.2,0,0,0,0,0,0,0,0,0,0,0,0,0,0,0,0,0,0,0,0,0,0,0,0,0,0,0,0.39375,0.3375,0.09375,0,0,0,0,0,0,0,0,0,0,0,0,0,0,0,3.3,11.2,0,0,0,0,0,0,0,0,0,0,0,0,0,0,0,0,0,0,0,0,0,0,0,0,0,0,0,0,0,0,0,0,0,0,10.2,0,0,0,0,0,0,0,0,0,0,0,0,0,0,0,0,0,0,0,0,0,0,0,0,0,0,6.6,0,0,0,0,0,0,0,0,0,0,0,0,0,0,0,0,0,0,0,0,0,0,0,0,0,0,0,0,0,0,0,0,0,0,0,0,0,0,0,0,0,0,0,0,0,0,0,0,0,0,0,0,0,0,0,0,0,0,0,0,0,0,0,0,0,0,0,0,0,0,0,0,0,0,0,0,0,0,0,0,0,0,0,0,0,0,0,0,0,0,0,0,0,0,0,0,0,0,0,5,0,0,0,0,0,0,0,0,0,0,13,9,0,0,0,0,0,0,0,0,0,0,0,0,0,0,0,0,30,0,0,0,0,26,0,0,0,3.4,16.5,0,0,0,0,2,0,0,2,0,0,0,0,0,0,5,0,0,0,0,1,2,4.2,1,1,3,5,8,3,4.3,1,43,42,8.2,9.2,4.4,1,0,0,0,2.3,0.5,0,0,1,0,0.5,5,10,10,2.3,0,0,2,0,3.1,5,2,14,5.2,8.3,27.4,4.4,3.4,0,0,3.4,4,5.4,5,5.4,7.3,5,5,3,3.1,2.2,1,2,5,2,0,0,0,0,0,0,0,0,0,0,26,0,1,0,5,0,9,0,0,3,34,2.1,1.5,29,43,7,5,1.3,2,0,0,0,0,0,0,5,1,0,0,0,0,0,0,7.5,0.1,16,0,0,0,0,0,0,0,0,0,0,0,0,0,3,5,4,0,0,0,5,0,0,0,0,0,0,0,0,0,0,3,7,0,0,0,0,0,0,0,0,0,0,0,0,0,0,0,0,0,0,0,0,0,0,0,0,0,0,0,0,0,0,0,0,0,0,0,0,0,0,0,0,0,0,0,0,0,0,0,0,0,0,0,0,0,0,0,0,0,0,0,0,0,0,0,0,0,0,0,0,0,0,0,0,0,0,0,0,0,0,0,0,0,0,0,0,0,0,0,0,0,0,0,0,0,0,0,0,0,0,0,0,0,0,0,0,0,0,0,0,0,0,0,0,0,0,0,0,0,0,0,0,0,0,0,0,0,0,0,0,0,0,0,0,0,0,0,0,0,0,0,0,0,0,0,0,0,0,0,0,0,0,0,0,0,0,0,0,0,0,0,0,3,0,0,0,0,0,0,0,0,0,0,0,0,0,0,0,0,0,0,0,0,0,0,0,3,0,9.4,7.2,0,0,0,0,0,0,9,0,2,23,22,5.4,0,0,0,0,0,0,0,0,0,0,0,0,0,0,4,0,2,2.8,12,12,1,0,6.3,0,0,0,0,0,0,0,0,0,0,1.1,1.3,1,0,0,0,0,0,0,0,0,1,3.4,0,2,6,2.1,1.2,5,5.1,5,1,1,1,6,3,42,2,5.2,6,0.2,0,3,1,0,6.4,4.1,2.4,3.2,4.4,1,9.1,25,4,7.3,6.1,28,4.2,5.2,20,5.4,2.3,6,8,2,2,0,0,1.3,2,0,0,0,0,0,0,0,0,0,0,0,0,0,0,0,0,0,0,0,13,8,2,0,0,0,15,26,0,12.3,1,0,1,0,0,0,0,0,0,13,0,0,0,0,0,0,0,0
17.1166,77.6333,0,0,0,0,0,0,0,0,0,0,0,0,0,0,0,0,0,0,0,0,0,0,0,0,0,0,0,0,0,0,0,0,0,0,0,0,0,0,0,0,0,0,0,0,0,0,0,0,0,0,0,0,0,0,0,0,0,0,0,0,0,0,0,0,0,0,0,0,0,0,0,4.2,0,0,0,0,0,0,0,0,0,0,0,0,0,0,0,0,0,0,0,4.2,10.2,0,0,0,0,0,0,0,0,0,0,0,0,0,0,0,0,0,0,0,0,0,0,0,0,0,0,0,0,0,0,0,0,0,0,0,0,0,0,0,0,0,0,0,0,0,0,0,0,0,0,0,0,0,0,0,0,0,0,0,0,0,0,0,2.4,0,1.2,0,0,0,0,5.2,0,0,49,42.2,6.2,0,0,0,0,0,0,0,5,0,0,0,4.2,1.2,58.2,13,6.2,0,0,2.2,0,0,0,0,0,0,0,0,0,0,0,0,0,0,2,0,4.2,0,13.2,1.2,7.2,1.2,0,4.4,15.2,0,11,4.2,3.2,12.2,30.2,2.4,14.2,0,10.2,0,0,13.4,2.2,0,0,9,0,11,0,12.4,25.2,2,0,0,5,0,0,0,0,0,2.4,15.2,6.4,14.2,8.4,0,0,0,0,0,0,0,0,0,0,3,202.2,18,0,1.4,0,0,0,0,0,5.2,0,0,4,0,20.2,0,0,0,0,0,0,0,0,0,0,0,0,0,0,0,0,0,0,0,0,0,0,0,0,0,0,0,0,0,0,0,0,0,0,0,0,0,0,0,0,0,0,0,0,0,0,0,0,0,0,0,0,0,0,0,0,0,0,0,0,0,0,0,0,0,0,0,0,0,0,0,0,0,0,0,0,0,0,0,0,0,0,0,0,0,0,0,0,0,0,0,0,0,0,0,0,0,0,0,0,0,0,0,0,0,0,0,0,0,9.4,0,0,0,0,0,0,0,0,0,0,0,0,0,0,0,0,0,0,0,0,0,0,0,0,0,0,0,0,0,0,0,0,0,0,0,0,0,0,0,0,0,0,0,0,0,0,0,0,0,0,0,0,0,0,0,0,0,0,0,0,0,0,0,0,0,0,0,0,0,0,0,4.2,10.2,0,0,0,0,0,0,0,0,0,0,0,0,0,0,0,0,0,0,0,0,0,0,0,0,0,0,0,0,0,0,0,0,0,0,0,0,20.4,0,0,5.2,0,0,0,0,0,0,0,0,0,0,0,0,0,0,0,0,0,0,0,0,0,0,0,0,0,0,0,0,0,0,0,3,20.2,0,0,19,0,0,0,0,0,0,0,4,23.4,0,5.2,3.2,5,0,0,0,0,4,14,46.4,4.4,17.2,5.2,0,0,0,5.2,0,0,0,0,0,0,0,0,16.2,9.4,0,0,0,5.2,0,0,16,13.4,24,50,11.2,10.2,0,2.2,5.4,0,0,0,0,13.2,0,0,0,0,0,0,0,0,0,0,0,0,0,10.4,0,0,0,0,0,55.2,0,0,0,6.4,0,42,0,0,98,3,0,0,0,0,0,7,14,4.2,27,1.8,27.2,22.4,0,2.2,0,0,9.2,0,0,0,6,14.2,4,7.2,0,12,0,0,0,0,0,0,0,0,0,0,0,0,0,0,0,0,0,0,0,0,0,0,0,0,0,0,0,0,0,0,0,0,0,0,0,0,0,0,0,0,0,0,0,0,0,0,0,0,0,0,0,0,0,0,0,0,0,0,0,0,0,0,0,0,0,0,0,0,0,0,0,0,0,0,0,0,0,0,0,0,0,0,0,0,0,0,0,0,0,0,0,0,0,0,0,0,0,0,0,0,0,0,0,0,0,0,0,0,0,0,0,0,0,0,0,0,0,0,0,0,0,0,0,0,0,0,0,0,0,0,0,0,0,0,0,0,0,0,0,0,0,0,0,0,0,0,0,0,0,0,0,0,0,0,0,0,0,0,0,0,0,0,0,0,0,0,0,0,0,0,0,0,0,0,0,0,0,0,0,0,0,0,0,9.4,5.2,0,7.2,0,0,0,0,0,0,0,0,0,0,24.2,0,0,0,0,0,0,0,0,0,0,0,0,0,0,0,18.2,0,0,0,0,0,13,0,0,0,11.2,0,0,0,0,0,0,0,0,0,0,0,0,0,0,0,0,0,7,0,0,1,0,0,0,0,0,0,0,0,0,0,0,9,10.4,9.2,7,0,0,21,0,5.2,0,0,0,5,5.2,0,4.4,31.4,76,5.2,13.2,0,0,21,4,0,0,0,9.8,10,0,0,0,0,3.6,0,8,0,21,33,0,0,0,0,0,0,0,0,0,0,6,0,0,4,0,0,23,0,5,0,0,0,0,0,0,0,3,0,0,0,0,0,0,0,0,0,0,0,0,0,9.2,3,0,0,0,14,0,0,0,0,0,0,0,6.2,26,16,0,8,0,0,0,0,0,0,0,0,0,0,0,0,0,0,0,0,0,0,0,0,0
17.45,78.4667,0,0,0,0,0,0,0,0,0,0,0,0,0,0,0,0,0,0,0,0,0,0,0,0,0,0,0,0,0,0,0,0,0,0,0,0,0,0,0,0,0,0,0,0,0,0,0,0,0,0,0,0,0,0,0,0,0,0,0,0,0,0,0,0,0,0,0,0,0,0,0,0,0,0,0,0,0,0,0,0,0,0,0,0,0,0,0,0,0,0,0,33.3,0,1,0,0,0,0,0,0,0,0,0,0,0,0,0.2,0,0,0,0,0,0,0,0,0,0,0,0,0,0,0,0,0,0,0,1.9,0,0,0,0.7,0,0,0,0.4,2,0.3,0,0,0,0,0,0,0,0,0,0,0,0,2,0,0,6.9,0,3.2,2.8,2.8,15.6,1,0,7.2,8.5,0,4.7,0,13,42.4,13,0,0,0,0,0,0,0,0,0,0.5,0,0,0,0,11,13.5,4.1,0,0,0,1,0,0.9,0,4.6,15.7,0,1.5,0.5,0,0,0,0,0.4,1.3,13.6,12,5.8,6.1,3.5,3.8,0.5,0,8.7,0.2,0,8.7,4.7,1,8.4,12,7,1,0,0.1,0,0.2,24.9,3.4,1.7,1,0,1.2,18,2.4,18.2,10.9,5,0.1,0,0.6,0,0,0,0,0,1.9,8.8,10.3,5.7,0,6.4,0,0,0,0,0,0,0.7,0,0,13.7,19.3,1.9,0,0,0,10,0,5,0,0,0,0,0,3.1,0,0,0,0,0,0,0,0,0,0,0,0,0,0,0,0,0,10.9,0,0,0,0,0,0,0,0,0,0,0,0,0,0,0,0,0,0,0,0,0,0,0,0,0.8,1.2,0.6,0.6,0,0,0,0,0,0,0,0,0,0,0,0,0,0,0,0,0,0,0,0,0,0,0,0,0,0,0,0,0,0,0,0,0,0,0,0,0,0,3.7,0,0,0,0,0,0,0,0,0,0,0,0,0,0,0,0,0,0,0,0,0,0,0,0,0,9.1,0,0,0,0,0,0,0,0,0,0,0,0,0,0,0,0,0,0,0,0,0,0,0,0,0,0,0,0,0,0,0,0,0,0,0,0,0,0,0,0,0,0,0,0,0,0,0,0,0,0,0,0.5,15.5,0.4,0,0,0,0,0,0,4,0.9,7.5,0,0,0,0,0,0,0,0,0,0,0,0,0,0,0,0,0,0,0,0,0,0,0,0,0,0,0,0,0,0,1.4,2.5,0,0,2.7,0,0,0,0,0,2.8,0,0,0,0,0,0.1,0,0,1.1,0,0,0,0,0,0,0,0,0,0,0,0,0,0,0,0,0,0.9,0,0,0,0,0,0.2,0,0,1.1,1.6,0.5,0,0,0,0,0,0,2.6,13.8,0,0,0,15.5,1.2,42.2,14.5,97.2,10.7,2.7,0.9,0,1.4,0,0,0,0,31.9,53.1,2.9,4,1.2,0,0,0,0,0,0,0,0,0,0,0,0.7,7.8,0.5,4.5,0,46,0,0,0.7,14.6,0.1,0.2,0,0,0.8,3.1,2,0,0,9.8,8.8,6,0.5,0,0,6.2,9,10.3,10.2,10,3.2,0,9.8,11.1,7.1,1.6,2.7,3.6,3.9,3.7,10.3,0,6.1,0,0,0,7.2,5.7,19.1,0,5.7,88.8,0,0,0,1.4,0,47.8,14.4,1.7,10.1,9.1,1,14.2,13.1,0,0.2,16.6,0,0,0,0,1.3,0,39.3,10.8,14,16.5,17.3,0,0,0,0,0,0,0,0,0,0,0,0,0,0,0,0,0,0,0,1,3.7,10,0,0,0,0,0,6.5,0,0,0,0,0,0,0,0,0,0,0,0,0,0,0,0,0,0,0,0,0,0,0,0,0,0,0,0,0,0,0,0,0,0,0,0,0,0,0,0,0,0,0,0,0,0,0,0,0,0,0,0,0,0,0,0,0,0,0,0,0,0,0,0,0,0,0,0,0,0,0,0,0,0,0,0,0,0,0,0,0,0,0,0,0,0,0,0,0,0,0,0,0,0,0,0,0,0,0,0,0,0,0,0,0,0,0,0,0,0,0,0,0,0,0,0,0,0,0,0,0,0,0,0,0,0,0,0,0,0,0,0,0,0,0,0,0,0,0,0,0,0,0,0,0,0,0,0,0,0,0,0,8.1,0,0,0,27,0,1,0,0,0,1.3,0,0,0,0,0,0,3.5,0,0,0,0,0,0,0.2,4.3,0,0,0,4.5,0,0,0,0,2.5,3,0,0,22.4,0,15,0,0,0,0,0,0,0.5,0,0,0,0,0,0,12.4,11.3,0.2,0,0,0,0,0,0,0,0,0,0,2.5,14.7,19.6,57,0,0,0,0,9.4,0,2.1,30.9,3.5,2.2,4,2.3,0,0,0,0,0,2.9,0,0,0.7,11.5,20.3,50.2,0.7,0.8,0,0,3.4,0,10.4,3.5,10.5,10.9,0.3,0,0,0.8,0,2.7,22.4,0,0.7,30.4,0,0.3,1,2.9,0,0,0,0,8,0.4,0,2.3,17.8,0.7,0.1,0,0.2,8.2,3.9,7.6,0.4,3.5,0,3.5,0,6.3,0,0,0.5,1,0,0,0,0,0,1.8,0,0,0.4,4.7,2.3,9.8,1.6,3.1,0,0,55.1,2,8.8,0.1,0,0,0,3.3,4.4,2.4,0.5,9,0,12.1,59.3,0,0,0,0,0,0,0,0,0,0,0,0,0,0,0,0,0,0
17,79,0,0,0,0,0,0,0,0,0,0,0,0,0,0,0,0,0,0,0,0,0,0,0,0,0,0,0,0,0,0,0,0,0,0,0,0,0,0,0,0,0,0,0,0,0,0,0,0,0,0,0,0,0,0,0,0,0,0,0,0,0,0,0,0,0,0,0,0,0,0,0,0,0,0,0,0,0,0,0,0,0,0,0,0,0,0,0,0,0,0,0,0,0,0,0,0,0,0,0,0,0,0,0,0,0,0,0,0,0,0,0,0,0,0,0,0,0,0,0,0,0,0,0,0,0,0,0,0,0,14,0,0,0,0,0,0,5,0,0,0,0,0,0,0,0,0,0,0,0,25,0,0,0,0,6.2,0,16,0,10,0,0,0,0,10,0,73,15,35,14,0,0,0,0,4,0,0,0,0,4.6,0,0,0,4,24,14,0,0,0,0,0,0,0,0,0,0,0,3,0,0,14,0,0,0,4,2,6,23.2,0,0,0,0,0,0,0,17,1,0,0,6,4.2,0,0,0,0,0,0,0,0,20,1.8,0,0,8,3,3,0,0,0,0,0,0,0,0,0,0,0,9,5.2,0,0,0,0,0,0,0,0,0,0,0,16,0,0,0,0,1,0,0,0,0,0,0,0,0,0,0,0,0,0,0,0,0,0,0,0,0,0,0,0,0,0,0,0,15,0,0,0,0,0,0,0,0,0,0,0,0,0,0,0,0,0,0,0,0,0,0,0,0,0,0,10.2,0,0,0,0,0,0,0,0,0,0,0,0,0,0,0,0,0,0,0,0,0,0,0,0,0,0,0,0,0,0,0,0,0,0,0,0,0,0,0,0,0,0,0,0,0,0,0,0,0,0,0,0,0,0,0,0,0,0,0,0,0,0,0,0,0,0,0,0,0,0,0,0,0,0,0,0,0,0,0,0,0,0,0,0,0,0,0,0,0,0,0,0,0,0,0,0,0,0,0,0,0,0,0,0,0,0,0,0,0,0,0,0,0,0,0,0,0,26.2,0,0,0,0,0,0,0,0,20,9,0,0,0,0,0,0,0,0,0,0,0,0,0,0,0,0,0,0,0,0,0,0,0,0,0,0,0,0,0,0,33,6,0,0,0,0,0,0,0,0,0,0,73,0,0,0,0,0,0,9.2,0,0,0,0,0,0,0,0,0,0,0,0,0,0,0,0,0,0,0,0,0,0,0,0,0,0,1.8,0,0,0,2.8,0,0,24,0,0,0,0,0,0,19,4.8,9,7,38,30.3,3.2,5.4,0,0,0,0,0,0,26.4,18.4,6.4,6.4,0,0,0,0,0,0,0,0,0,0,0,0,1.4,0,0,3.4,0,0,0,0,38,23.2,15.3,5.2,62.2,30.4,4,0,0,0,0,0,0,0,9.8,2.8,2.8,3.8,0,0,0,0,0,0,0,0,0,0,2.2,17.6,0,4.8,3.8,0,51.2,0,0,0,19.4,0,24.8,12.6,0,6.4,0,0,7,0,0,0,14,8.2,84.8,13.6,10,8.4,12.2,0,6.4,0,0,0,0,16.6,3,59,0,0,0,0,0,0,0,0,0,0,0,0,0,0,0,0,0,0,0,0,0,0,0,0,6.4,2.2,6.2,0,0,0,0,0,0,0,0,0,0,0,0,0,0,0,0,0,0,0,0,0,0,0,0,0,0,0,0,0,0,0,0,0,0,0,0,0,0,0,0,0,0,0,0,0,0,0,0,0,0,0,0,0,0,0,0,0,0,0,0,0,0,0,0,0,0,0,0,0,0,0,0,0,0,0,0,0,0,0,0,0,0,0,0,0,0,0,0,0,0,0,0,0,0,0,0,0,0,0,0,0,0,0,0,0,0,0,0,0,0,0,0,0,0,0,0,0,0,0,0,0,0,0,0,0,0,0,0,0,0,0,0,0,0,0,0,0,0,0,0,0,0,0,0,0,0,0,0,0,0,0,0,0,0,0,0,0,0,0,0,0,0,0,0,0,0,0,0,0,0,0,0,0,0,0,0,0,0,0,0,0,0,0,0,0,0,0,0,0,0,8.1,0,0,0,0,0,0,0,0,0,0,0,0,0,0,0,0,0,0,0,0,0,0,0,0,0,0,0,0,0,0,0,0,0,4,2.2,19,51.4,44,0,0,0,0,11,5.2,5,5,0,0,4,0,0,0,0,0,0,0,0,0,0,52,4,0,0,0,0,0,0,0,23.4,1,20,12,0,0,0,0,0,2.4,3,0,3,18,0,0,0,0,0,0,0,4,20,0,0,5,27,6,0,0,0,15.4,0,5,0,23,0,5,0,0,0,0,0,0,0,0,0,0,3.4,0,0,0,0,0,9.4,3.4,0,0,0,0,5.4,0,0,0,0,0,0,9,38,3,9,0,0,0,0,0,0,0,0,0,0,0,0,0,0,0,8.2,0,0,0,0,0,0
17.2833,79.1,0,0,0,0,0,0,0,28.2,0,0,0,0,0,0,0,0,0,0,0,0,0,0,0,0,0,0,0,0,0,0,0,0,0,0,0,0,0,0,0,0,0,0,0,0,0,0,0,0,0,0,0,0,0,0,0,0,0,0,0,0,0,0,0,0,0,0,0,0,0,0,0,0,0,0,0,0,0,0,0,0,0,0,0,0,0,0,0,0,0,0,0,0,0,0,4.6,0,0,0,0,0,0,0,0,0,0,0,0,0,0,0,0,0,0,0,0,0,0,0,0,0,0,0,0,0,0,0,0,0,0,0,0,0,0,0,0,0,0,0,0,0,0,0,0,0,0,0,0,0,0,0,0,0,0,0,54.2,0,0,20.2,0,0,0,0,0,0,20,16.4,31.6,31.2,0.5,0,0,0,0,0,0,0,0,1.8,5,2.6,0,0,49,29.4,2.8,0,0,0,0,0,1.7,0,0,0,0,0,3.2,0.6,0,0,0,5,11,3.2,5.8,4.4,13.2,1.2,16.4,0,0,12.8,0,0,13.2,1.2,0,0,0,29.4,2.2,0,0,0,0,0,6.2,3,0,0,0,1.6,35,3.4,3,0,0,0,0,0,0,0,0,0,0,0,0,0,0,0,0,0,0,0,0,14.2,5,0,3.4,0,0,0,21.6,0,0,2.2,0,0,0,0,10.8,0,0,0,0,0,0,0,0,0,0,0,0,0,0,0,0,0,0,0,0,12.2,0,14.4,0,0,0,0,0,0,0,0,0,0,0,0,0,0,0,0,0,0,0,0,0,0,0,0,0,0,0,0,0,0,0,0,0,0,0,0,0,0,0,0,0,0,0,0,0,0,0,0,0,0,0,0,0,0,0,0,0,0,0,0,0,0,0,0,0,0,18,0,0,0,0,0,0,0,0,0,0,0,0,0,0,0,0,0,0,0,0,0,0,0,0,0,0,0,0,0,0,0,0,0,0,0,0,0,0,0,0,0,0,0,0,0,0,0,0,0,0,0,0,0,0,0,0,0,0,0,0,0,0,0,0,0,0,0,0,0,0,0,0,0,0,0,0,30,0,0,0,0,0,0,0,0,39.6,17.2,0,0,0,0,0,0,0,0,0,0,0,0,0,0,0,0,0,0,0,0,0,0,0,0,0,0,0,0,0,0,0,0,0,0,0,0,0,0,0,0,0,25,0,0,0,0,0,0,0,4.2,0,0,0,0,0,0,0,0,0,0,0,0,0,0,0,0,0,0,0,0,0,0,0,5,0,0,11,0,0,0,0,0,0,0,0,0,0,0,0,9,15,3.6,3,3.8,16.8,20.2,15,7.4,0,1.2,0,0,0,0,31.2,7,8.6,7,0,0,0,0,2.8,0,36,0,0,0,0,0,44.6,0,8,1.2,0,0,0,10.2,0,43.3,2,4.8,41.4,42.6,0.9,0,0,0,0,0,0,0,4.2,0,0,5.4,0,0,0,0,0,0,0,0,0,31.8,0,0,0,0,3,0,0,0,0,0,13,0,3.6,0,0,0,0,0,0,0,0,0,31.6,0,23,50,4,2,0,0,10,0,0,0,2,2,13.8,14.4,0,0,0,0,0,0,5.6,0,0,0,0,0,0,0,0,0,0,0,0,0,0,0,0,0,10,0,0,0,0,0,0,0,0,0,0,0,0,0,0,0,0,0,0,0,0,0,0,0,0,0,0,0,0,0,0,0,0,0,0,0,0,0,0,0,0,0,0,0,0,0,0,0,0,0,0,0,0,0,0,0,0,0,0,0,0,0,0,0,0,0,0,0,0,0,0,0,0,0,0,0,0,0,0,0,0,0,0,0,0,0,0,0,0,0,0,0,0,0,0,0,0,0,0,0,0,0,0,0,0,0,0,0,0,0,0,0,0,0,0,0,0,0,0,0,0,0,0,0,0,0,0,0,0,0,0,0,0,0,0,0,0,0,0,0,0,0,0,0,0,0,0,0,0,0,0,0,0,0,0,0,0,0,0,0,0,0,0,0,0,0,0,0,0,0,0,13.4,0,0,0,0,0,0,0,0,0,0,0,0,0,0,0,0,0,0,0,0,0,0,0,0,0,0,0,0,0,0,0,0,0,0,0,0,0,0,0,15.8,0,0,0,0,0,0,0,0,0,0,0,0,0,21.2,0,0,32,17,2.4,29.4,0,0,0,0,0,1.4,32,0.6,3.4,4.3,0,4.7,0,0,0,0,0,0,0,0,20.4,12.4,4.6,0,17,0,0,0,0,0,37.2,1.5,30.5,16.2,0,0,0,8,0,0,0,0,11,2.2,0,0,6.6,0,0,0,0,16,2.8,0,0,6.6,73.6,2.6,0,0,5.8,77.6,2.4,3.5,0,0,7.2,1.4,0,0,0,0,0,0,0,0,0,0,9.4,6.8,0,0,0,4.8,1.4,53.4,0,0,0,0,4.2,0,0,87,0,0,0,0,25,4.6,3.4,0,0,0,3.6,0,0,0,0,0,0,0,0,0,0,0,0,0,0,0,0,0,0
17.25,80.15,0,0,0,0,0,0,17.1,0,0,0,0,0,0,0,0,0,0,0,0,0,0,0,0,0,0,0.32759,1.0345,0.95172,0,0,1.4357,0,0,0,0,0,0,0,0,0,0,0,0,0,0,0,0,0,0,0,0,0,0,0,0,0,0,0,0,0,0,0,0,0,0,0,0,0,0,0,0,0,0,0,0,0,0,0,0,0,0,0,0,0,0,0,0,0,0,0,0,0,0,0,0,0,0,15.2,0,0,0,0,0,0,0,0,0,0,0,0,0,0,0,2.8,0,0,0,0,0,0,0,0,0,0,0,0,0,0,0,10,0,0,0,4.3,0,0,0,0,0,0,0,0,0,0,0,0,0,0,0.6,5.1,0,0,0,0,5.7,0,3.1,24.2,0,0.6,0,3.6,5.1,0.7,49.4,3.8,15.5,58.4,1.3,0,0,2,0,3,0,0,0,17.8,3.4,4.2,9.8,2.6,27.4,6.6,6.2,0,0,1.7,0,0,0.8,1.9,0,0,0.8,0,2.6,3.6,0,0,0,3.2,0,3,27.8,5.8,67.2,5.2,25.5,2,3.8,63.6,14.6,6.7,25.6,1,3,0.8,3.2,5,0.8,0.6,1.2,3.7,37,0,0,4.2,32.4,0,0,0,23,4.4,0.5,0,0,0.7,0,0,1.4,0,0,0,0,0,17.8,13.4,0.6,0,0,0,0,0,0.6,6.2,0.8,0,0.6,23.2,0,0,0.6,0,0,0,2.6,6.8,0,0,0,0,0,0,0,0,0,0,0,0,0,0,0,0,0,0,0,0,0,0,0,15.6,10.8,2.8,0,0.8,0,0,0,0,0,0,0,0,0,0,0,0,0,0,0,0,0,0,0,0,0,0,0,2,0,0,0,0,0,0,0,0,0,0,0,0,0,0,0,0,0,0,0,0.6,0,0,0,0,0,0,0,0,0,0,0,0,0,0,0,0,0,0,0,0,0,0,0,0,0,0,0,0,0,0,0,0,0,0,9,1,0.8,0,0,0,0,0,0,0,0,0,0,0,0,0,0,0,0,0,0,0,0,0,0,0,0,0,0,0,0,0,0,0,0,0,0,0,0,0,0,0,0,0,0,0,0,0,0,0.4069,0,0,0,0,0,0,0,0,0,0,0,0,0,23,0,0,0,0,0,0,0,0,5.5,2,0,4.2,0,0,0,0,0,0,0,0,0,0,0,0,0,0,0,0,0,0,0,0,0,0,0,0,0,0,0,0,0,2.2,4,0,2.4,0,0,0,0.2,20,0,0,2.7,0,28.2,0,0,0,0,0,0,0,0,0,0,0,0,0,0,0,0,0,0,0,0,0,0,0,0,0,0,0,0,7.2,0,0,0.8,3.8,0,0,0,0,0,0,0,0,0,0,0,0.6,6.2,44.4,29.6,4.6,0.6,4,37.2,7.4,0,0.6,0,0,0,0,48.8,28,18.6,18.2,0,0,0,5.2,0,0.8,56.6,60,0,0,0.6,0,30,6,0.8,0.6,0,42.4,0,17.2,0,69.8,1,3.4,35.8,77.6,1.2,0,2.2,0.6,0,0,0,0,4,3.2,2.1,2.8,2.9,0,0,0,0,0,0,0,0,3.4,7,0,0,0,20,0,0,0,0,0,36,8,0,2.2,0,53.2,3.8,0,0,2,0,3.4,7,41.8,16,1.8,8.6,0,2.8,64,3.8,4,0,0,8.6,16.4,43.8,84.8,0,0.6,7.6,0,0,0,5.6,0,0,0,0,0,0,0,0,0,0,0,0,0,0,0.2,0,25,4.4,0,1.8,8.8,0,0,0,0,8.2,0,0,38.2,0,0,0,0,0,0,0,0,0,0,0,0,0,0,0,0,0,0,0,0,0,0,0,0,0,0,0,0,0,0,0,0,0,0,0,0,2.6,0,0,0,0,0,0,0,0,0,0,0,0,0,0,0,0,0,0,0,0,0,0,0,0,0,0,0,0,0,0,0,0,0,0,0,0,0,0,0,0,0,0,0,0,0,0,0,0,0,0,0,0,0,0,0,0,0,0,0,0,0,0,0,0,0,0,0,0,0,0,0,0,0,0,0,0,0,0,0,0,0,0,0,0,0,0,0,0,0,0,0,0,0,0,0,0,0,0,0,0,0,0,0,0,0,0,0,0,0,0,0,2.2,0,0,0,0,0,0,0,0,0,0,0.7,7.6,0,0,0,0,0,0.4,0,15.4,0,0,0,0,0,3,0,0,0,0,0,0,0,0,0,0,0,0,0,0,37.5,4.4,0,0,0,0,0,0,0,0,0,0,0,0,0,0,0,0,0,0,0,0,0,0,5.8,0,0,9.6,21.5,11.4,52.5,0,0,0,0,1.8,0,18,0,11.6,3.8,2.6,5.6,0,0,0,0,0,0,0,1,0,16.8,36,0,22.4,0,0,0,0,8.8,22.4,7.4,77,41,0,4.6,18.5,7.2,3.6,2.2,45.5,0,17.5,0,0,1.6,1.2,0,0,0,2.6,16,29,0,0,10.6,50,44.5,2,0,0,18.5,5,5.4,1.2,5,4.6,6.2,0,0,1.2,0,0,0,0,0,0,1,0,0,0,0,3,14.2,5.6,10.6,9.2,0,0,0,11.2,4.4,0,0,0,0,0,0,1.8,13,4.4,0.4,0,0,0,0,0,0,0,0,0,0,0,0,0,0,0,0,0,0,0,0,0.4
